user_message,intent,response
hi,greeting,"Hello! Welcome to Aurora. I can help with rooms, amenities, prices, or reservations."
hello,greeting,"Hello! Welcome to Aurora. I can help with rooms, amenities, prices, or reservations."
hey,greeting,"Hello! Welcome to Aurora. I can help with rooms, amenities, prices, or reservations."
good morning,greeting,"Hello! Welcome to Aurora. I can help with rooms, amenities, prices, or reservations."
good afternoon,greeting,"Hello! Welcome to Aurora. I can help with rooms, amenities, prices, or reservations."
good evening,greeting,"Hello! Welcome to Aurora. I can help with rooms, amenities, prices, or reservations."
kamusta,greeting,"Hello! Welcome to Aurora. I can help with rooms, amenities, prices, or reservations."
kumusta,greeting,"Hello! Welcome to Aurora. I can help with rooms, amenities, prices, or reservations."
hello po,greeting,"Hello! Welcome to Aurora. I can help with rooms, amenities, prices, or reservations."
hi aurora,greeting,"Hello! Welcome to Aurora. I can help with rooms, amenities, prices, or reservations."
hey aurora,greeting,"Hello! Welcome to Aurora. I can help with rooms, amenities, prices, or reservations."
yo aurora,greeting,"Hello! Welcome to Aurora. I can help with rooms, amenities, prices, or reservations."
good day,greeting,"Hello! Welcome to Aurora. I can help with rooms, amenities, prices, or reservations."
hi assistant,greeting,"Hello! Welcome to Aurora. I can help with rooms, amenities, prices, or reservations."
hello there,greeting,"Hello! Welcome to Aurora. I can help with rooms, amenities, prices, or reservations."
sup aurora,greeting,"Hello! Welcome to Aurora. I can help with rooms, amenities, prices, or reservations."
hi po,greeting,"Hello! Welcome to Aurora. I can help with rooms, amenities, prices, or reservations."
hello again,greeting,"Hello! Welcome to Aurora. I can help with rooms, amenities, prices, or reservations."
what rooms do you have,rooms,"Aurora offers Standard, Deluxe, Suite, Villa, and Cabin accommodations."
room types,rooms,"Aurora offers Standard, Deluxe, Suite, Villa, and Cabin accommodations."
available rooms,rooms,"Aurora offers Standard, Deluxe, Suite, Villa, and Cabin accommodations."
ano mga room types,rooms,"Aurora offers Standard, Deluxe, Suite, Villa, and Cabin accommodations."
may rooms ba kayo,rooms,"Aurora offers Standard, Deluxe, Suite, Villa, and Cabin accommodations."
show me rooms,rooms,"Aurora offers Standard, Deluxe, Suite, Villa, and Cabin accommodations."
tell me room options,rooms,"Aurora offers Standard, Deluxe, Suite, Villa, and Cabin accommodations."
room list please,rooms,"Aurora offers Standard, Deluxe, Suite, Villa, and Cabin accommodations."
do you have suite,rooms,"Aurora offers Standard, Deluxe, Suite, Villa, and Cabin accommodations."
may villa ba,rooms,"Aurora offers Standard, Deluxe, Suite, Villa, and Cabin accommodations."
may cabin ba,rooms,"Aurora offers Standard, Deluxe, Suite, Villa, and Cabin accommodations."
room typess,rooms,"Aurora offers Standard, Deluxe, Suite, Villa, and Cabin accommodations."
rooom types,rooms,"Aurora offers Standard, Deluxe, Suite, Villa, and Cabin accommodations."
what kind of rooms,rooms,"Aurora offers Standard, Deluxe, Suite, Villa, and Cabin accommodations."
list rooms available,rooms,"Aurora offers Standard, Deluxe, Suite, Villa, and Cabin accommodations."
how much is room,price,Room prices vary depending on room type and dates. Standard rooms are usually the most affordable.
room price,price,Room prices vary depending on room type and dates. Standard rooms are usually the most affordable.
magkano room,price,Room prices vary depending on room type and dates. Standard rooms are usually the most affordable.
price per night,price,Room prices vary depending on room type and dates. Standard rooms are usually the most affordable.
cheapest room,price,Room prices vary depending on room type and dates. Standard rooms are usually the most affordable.
budget room,price,Room prices vary depending on room type and dates. Standard rooms are usually the most affordable.
magkano deluxe,price,Room prices vary depending on room type and dates. Standard rooms are usually the most affordable.
deluxe price,price,Room prices vary depending on room type and dates. Standard rooms are usually the most affordable.
suite price,price,Room prices vary depending on room type and dates. Standard rooms are usually the most affordable.
cheap room option,price,Room prices vary depending on room type and dates. Standard rooms are usually the most affordable.
rooom price,price,Room prices vary depending on room type and dates. Standard rooms are usually the most affordable.
prce room,price,Room prices vary depending on room type and dates. Standard rooms are usually the most affordable.
hm room,price,Room prices vary depending on room type and dates. Standard rooms are usually the most affordable.
magkano per night,price,Room prices vary depending on room type and dates. Standard rooms are usually the most affordable.
price ng room,price,Room prices vary depending on room type and dates. Standard rooms are usually the most affordable.
what amenities,amenities,"Aurora amenities include Sky Infinity Pool, Zen Wellness Studio gym, Lumina Dining restaurant, parking, and complimentary WiFi."
may pool ba,amenities,"Aurora amenities include Sky Infinity Pool, Zen Wellness Studio gym, Lumina Dining restaurant, parking, and complimentary WiFi."
do you have pool,amenities,"Aurora amenities include Sky Infinity Pool, Zen Wellness Studio gym, Lumina Dining restaurant, parking, and complimentary WiFi."
pool details,amenities,"Aurora amenities include Sky Infinity Pool, Zen Wellness Studio gym, Lumina Dining restaurant, parking, and complimentary WiFi."
is pool free,amenities,"Aurora amenities include Sky Infinity Pool, Zen Wellness Studio gym, Lumina Dining restaurant, parking, and complimentary WiFi."
gym available,amenities,"Aurora amenities include Sky Infinity Pool, Zen Wellness Studio gym, Lumina Dining restaurant, parking, and complimentary WiFi."
do you have gym,amenities,"Aurora amenities include Sky Infinity Pool, Zen Wellness Studio gym, Lumina Dining restaurant, parking, and complimentary WiFi."
restaurant available,amenities,"Aurora amenities include Sky Infinity Pool, Zen Wellness Studio gym, Lumina Dining restaurant, parking, and complimentary WiFi."
may wifi ba,amenities,"Aurora amenities include Sky Infinity Pool, Zen Wellness Studio gym, Lumina Dining restaurant, parking, and complimentary WiFi."
wifi details,amenities,"Aurora amenities include Sky Infinity Pool, Zen Wellness Studio gym, Lumina Dining restaurant, parking, and complimentary WiFi."
facilities list,amenities,"Aurora amenities include Sky Infinity Pool, Zen Wellness Studio gym, Lumina Dining restaurant, parking, and complimentary WiFi."
amenities list,amenities,"Aurora amenities include Sky Infinity Pool, Zen Wellness Studio gym, Lumina Dining restaurant, parking, and complimentary WiFi."
parking available,amenities,"Aurora amenities include Sky Infinity Pool, Zen Wellness Studio gym, Lumina Dining restaurant, parking, and complimentary WiFi."
how do i reserve,reservation,"To reserve a room: sign in, open the Rooms page, choose your room and dates, then confirm the reservation."
how to book,reservation,"To reserve a room: sign in, open the Rooms page, choose your room and dates, then confirm the reservation."
paano mag reserve,reservation,"To reserve a room: sign in, open the Rooms page, choose your room and dates, then confirm the reservation."
can i book now,reservation,"To reserve a room: sign in, open the Rooms page, choose your room and dates, then confirm the reservation."
book tonight,reservation,"To reserve a room: sign in, open the Rooms page, choose your room and dates, then confirm the reservation."
reserve room,reservation,"To reserve a room: sign in, open the Rooms page, choose your room and dates, then confirm the reservation."
booking steps,reservation,"To reserve a room: sign in, open the Rooms page, choose your room and dates, then confirm the reservation."
reserve tomorrow,reservation,"To reserve a room: sign in, open the Rooms page, choose your room and dates, then confirm the reservation."
reserve room now,reservation,"To reserve a room: sign in, open the Rooms page, choose your room and dates, then confirm the reservation."
help booking,reservation,"To reserve a room: sign in, open the Rooms page, choose your room and dates, then confirm the reservation."
pwede mag book,reservation,"To reserve a room: sign in, open the Rooms page, choose your room and dates, then confirm the reservation."
book room,reservation,"To reserve a room: sign in, open the Rooms page, choose your room and dates, then confirm the reservation."
recommend room,recommendation,"Tell me the number of guests, nights, and your budget so I can recommend the best room option."
suggest room,recommendation,"Tell me the number of guests, nights, and your budget so I can recommend the best room option."
best room for couple,recommendation,"Tell me the number of guests, nights, and your budget so I can recommend the best room option."
room for family,recommendation,"Tell me the number of guests, nights, and your budget so I can recommend the best room option."
room for 4 guests,recommendation,"Tell me the number of guests, nights, and your budget so I can recommend the best room option."
cheap room suggestion,recommendation,"Tell me the number of guests, nights, and your budget so I can recommend the best room option."
recommend under budget,recommendation,"Tell me the number of guests, nights, and your budget so I can recommend the best room option."
room suggestion please,recommendation,"Tell me the number of guests, nights, and your budget so I can recommend the best room option."
suggest best room,recommendation,"Tell me the number of guests, nights, and your budget so I can recommend the best room option."
recommend good room,recommendation,"Tell me the number of guests, nights, and your budget so I can recommend the best room option."
check in time,policy,Policies depend on availability and room type. Please confirm specific requests with the front desk.
check out time,policy,Policies depend on availability and room type. Please confirm specific requests with the front desk.
can i check in early,policy,Policies depend on availability and room type. Please confirm specific requests with the front desk.
late checkout,policy,Policies depend on availability and room type. Please confirm specific requests with the front desk.
pet policy,policy,Policies depend on availability and room type. Please confirm specific requests with the front desk.
kids allowed,policy,Policies depend on availability and room type. Please confirm specific requests with the front desk.
extra bed request,policy,Policies depend on availability and room type. Please confirm specific requests with the front desk.
balcony request,policy,Policies depend on availability and room type. Please confirm specific requests with the front desk.
room preference,policy,Policies depend on availability and room type. Please confirm specific requests with the front desk.
hotel policy,policy,Policies depend on availability and room type. Please confirm specific requests with the front desk.
where is aurora,location,"For the exact address and directions, please check the Aurora website location page or contact the front desk."
hotel location,location,"For the exact address and directions, please check the Aurora website location page or contact the front desk."
address,location,"For the exact address and directions, please check the Aurora website location page or contact the front desk."
near airport,location,"For the exact address and directions, please check the Aurora website location page or contact the front desk."
distance city,location,"For the exact address and directions, please check the Aurora website location page or contact the front desk."
how to get there,location,"For the exact address and directions, please check the Aurora website location page or contact the front desk."
map location,location,"For the exact address and directions, please check the Aurora website location page or contact the front desk."
location of hotel,location,"For the exact address and directions, please check the Aurora website location page or contact the front desk."
i dont understand,fallback,"I might not have the exact answer for that, but I can help with rooms, amenities, prices, or reservations."
explain again,fallback,"I might not have the exact answer for that, but I can help with rooms, amenities, prices, or reservations."
ano ibig sabihin,fallback,"I might not have the exact answer for that, but I can help with rooms, amenities, prices, or reservations."
tell me more,fallback,"I might not have the exact answer for that, but I can help with rooms, amenities, prices, or reservations."
random question,fallback,"I might not have the exact answer for that, but I can help with rooms, amenities, prices, or reservations."
what if aliens visit,fallback,"I might not have the exact answer for that, but I can help with rooms, amenities, prices, or reservations."
do you like pizza,fallback,"I might not have the exact answer for that, but I can help with rooms, amenities, prices, or reservations."
blah blah,fallback,"I might not have the exact answer for that, but I can help with rooms, amenities, prices, or reservations."
something random,fallback,"I might not have the exact answer for that, but I can help with rooms, amenities, prices, or reservations."
please book tonight tonight,reservation,"To reserve a room: sign in, open the Rooms page, choose your room and dates, then confirm the reservation."
aurora best room for couple tonight,recommendation,"Tell me the number of guests, nights, and your budget so I can recommend the best room option."
please hello ngayon,greeting,"Hello! Welcome to Aurora. I can help with rooms, amenities, prices, or reservations."
please parking available,amenities,"Aurora amenities include Sky Infinity Pool, Zen Wellness Studio gym, Lumina Dining restaurant, parking, and complimentary WiFi."
pls what rooms do you have today,rooms,"Aurora offers Standard, Deluxe, Suite, Villa, and Cabin accommodations."
balcony request,policy,Policies depend on availability and room type. Please confirm specific requests with the front desk.
please how to book ngayon,reservation,"To reserve a room: sign in, open the Rooms page, choose your room and dates, then confirm the reservation."
hello aurora room preference tomorrow,policy,Policies depend on availability and room type. Please confirm specific requests with the front desk.
can you hotel policy,policy,Policies depend on availability and room type. Please confirm specific requests with the front desk.
hello aurora price ng room please,price,Room prices vary depending on room type and dates. Standard rooms are usually the most affordable.
can i check in early please,policy,Policies depend on availability and room type. Please confirm specific requests with the front desk.
yo aurora ngayon,greeting,"Hello! Welcome to Aurora. I can help with rooms, amenities, prices, or reservations."
hey aurora do you have gym,amenities,"Aurora amenities include Sky Infinity Pool, Zen Wellness Studio gym, Lumina Dining restaurant, parking, and complimentary WiFi."
pls what amenities,amenities,"Aurora amenities include Sky Infinity Pool, Zen Wellness Studio gym, Lumina Dining restaurant, parking, and complimentary WiFi."
hey aurora list rooms available today,rooms,"Aurora offers Standard, Deluxe, Suite, Villa, and Cabin accommodations."
available rooms,rooms,"Aurora offers Standard, Deluxe, Suite, Villa, and Cabin accommodations."
tell me more tonight,fallback,"I might not have the exact answer for that, but I can help with rooms, amenities, prices, or reservations."
pls paano mag reserve,reservation,"To reserve a room: sign in, open the Rooms page, choose your room and dates, then confirm the reservation."
gym available po,amenities,"Aurora amenities include Sky Infinity Pool, Zen Wellness Studio gym, Lumina Dining restaurant, parking, and complimentary WiFi."
pwede rooom price,price,Room prices vary depending on room type and dates. Standard rooms are usually the most affordable.
pde suite price lang,price,Room prices vary depending on room type and dates. Standard rooms are usually the most affordable.
pwede room typess lang,rooms,"Aurora offers Standard, Deluxe, Suite, Villa, and Cabin accommodations."
aurora reserve tomorrow po,reservation,"To reserve a room: sign in, open the Rooms page, choose your room and dates, then confirm the reservation."
hey aurora good day po,greeting,"Hello! Welcome to Aurora. I can help with rooms, amenities, prices, or reservations."
room typess tomorrow,rooms,"Aurora offers Standard, Deluxe, Suite, Villa, and Cabin accommodations."
aurora how to get there tomorrow,location,"For the exact address and directions, please check the Aurora website location page or contact the front desk."
aurora facilities list lang,amenities,"Aurora amenities include Sky Infinity Pool, Zen Wellness Studio gym, Lumina Dining restaurant, parking, and complimentary WiFi."
best room for couple ngayon,recommendation,"Tell me the number of guests, nights, and your budget so I can recommend the best room option."
please room price tomorrow,price,Room prices vary depending on room type and dates. Standard rooms are usually the most affordable.
please kumusta,greeting,"Hello! Welcome to Aurora. I can help with rooms, amenities, prices, or reservations."
distance city tonight,location,"For the exact address and directions, please check the Aurora website location page or contact the front desk."
hello aurora room preference today,policy,Policies depend on availability and room type. Please confirm specific requests with the front desk.
pool details ngayon,amenities,"Aurora amenities include Sky Infinity Pool, Zen Wellness Studio gym, Lumina Dining restaurant, parking, and complimentary WiFi."
can you best room for couple pls,recommendation,"Tell me the number of guests, nights, and your budget so I can recommend the best room option."
pls something random tomorrow,fallback,"I might not have the exact answer for that, but I can help with rooms, amenities, prices, or reservations."
hotel location pls,location,"For the exact address and directions, please check the Aurora website location page or contact the front desk."
hey aurora cheap room suggestion pls,recommendation,"Tell me the number of guests, nights, and your budget so I can recommend the best room option."
pls best room for couple pls,recommendation,"Tell me the number of guests, nights, and your budget so I can recommend the best room option."
can you good day,greeting,"Hello! Welcome to Aurora. I can help with rooms, amenities, prices, or reservations."
can you may rooms ba kayo ngayon,rooms,"Aurora offers Standard, Deluxe, Suite, Villa, and Cabin accommodations."
please hotel policy tonight,policy,Policies depend on availability and room type. Please confirm specific requests with the front desk.
pde list rooms available today,rooms,"Aurora offers Standard, Deluxe, Suite, Villa, and Cabin accommodations."
aurora parking available tomorrow,amenities,"Aurora amenities include Sky Infinity Pool, Zen Wellness Studio gym, Lumina Dining restaurant, parking, and complimentary WiFi."
pde hotel location tonight,location,"For the exact address and directions, please check the Aurora website location page or contact the front desk."
please may cabin ba,rooms,"Aurora offers Standard, Deluxe, Suite, Villa, and Cabin accommodations."
can you list rooms available lang,rooms,"Aurora offers Standard, Deluxe, Suite, Villa, and Cabin accommodations."
hi today,greeting,"Hello! Welcome to Aurora. I can help with rooms, amenities, prices, or reservations."
hello aurora good morning po,greeting,"Hello! Welcome to Aurora. I can help with rooms, amenities, prices, or reservations."
pde tell me room options lang,rooms,"Aurora offers Standard, Deluxe, Suite, Villa, and Cabin accommodations."
can you hello po,greeting,"Hello! Welcome to Aurora. I can help with rooms, amenities, prices, or reservations."
hey aurora pool details today,amenities,"Aurora amenities include Sky Infinity Pool, Zen Wellness Studio gym, Lumina Dining restaurant, parking, and complimentary WiFi."
pls room suggestion please ngayon,recommendation,"Tell me the number of guests, nights, and your budget so I can recommend the best room option."
can you room types po,rooms,"Aurora offers Standard, Deluxe, Suite, Villa, and Cabin accommodations."
budget room lang,price,Room prices vary depending on room type and dates. Standard rooms are usually the most affordable.
can you parking available today,amenities,"Aurora amenities include Sky Infinity Pool, Zen Wellness Studio gym, Lumina Dining restaurant, parking, and complimentary WiFi."
room list please,rooms,"Aurora offers Standard, Deluxe, Suite, Villa, and Cabin accommodations."
pls ano ibig sabihin lang,fallback,"I might not have the exact answer for that, but I can help with rooms, amenities, prices, or reservations."
pls reserve room now please,reservation,"To reserve a room: sign in, open the Rooms page, choose your room and dates, then confirm the reservation."
can you cheapest room tonight,price,Room prices vary depending on room type and dates. Standard rooms are usually the most affordable.
room preference pls,policy,Policies depend on availability and room type. Please confirm specific requests with the front desk.
pwede gym available today,amenities,"Aurora amenities include Sky Infinity Pool, Zen Wellness Studio gym, Lumina Dining restaurant, parking, and complimentary WiFi."
please what rooms do you have,rooms,"Aurora offers Standard, Deluxe, Suite, Villa, and Cabin accommodations."
please check in time today,policy,Policies depend on availability and room type. Please confirm specific requests with the front desk.
pwede good morning ngayon,greeting,"Hello! Welcome to Aurora. I can help with rooms, amenities, prices, or reservations."
aurora room for family today,recommendation,"Tell me the number of guests, nights, and your budget so I can recommend the best room option."
what amenities tomorrow,amenities,"Aurora amenities include Sky Infinity Pool, Zen Wellness Studio gym, Lumina Dining restaurant, parking, and complimentary WiFi."
pwede gym available ngayon,amenities,"Aurora amenities include Sky Infinity Pool, Zen Wellness Studio gym, Lumina Dining restaurant, parking, and complimentary WiFi."
please restaurant available pls,amenities,"Aurora amenities include Sky Infinity Pool, Zen Wellness Studio gym, Lumina Dining restaurant, parking, and complimentary WiFi."
pls room for 4 guests ngayon,recommendation,"Tell me the number of guests, nights, and your budget so I can recommend the best room option."
can you hotel policy tonight,policy,Policies depend on availability and room type. Please confirm specific requests with the front desk.
check out time lang,policy,Policies depend on availability and room type. Please confirm specific requests with the front desk.
please do you have suite,rooms,"Aurora offers Standard, Deluxe, Suite, Villa, and Cabin accommodations."
aurora suggest room,recommendation,"Tell me the number of guests, nights, and your budget so I can recommend the best room option."
can you how to book tomorrow,reservation,"To reserve a room: sign in, open the Rooms page, choose your room and dates, then confirm the reservation."
pwede reserve room tomorrow,reservation,"To reserve a room: sign in, open the Rooms page, choose your room and dates, then confirm the reservation."
pde rooom types po,rooms,"Aurora offers Standard, Deluxe, Suite, Villa, and Cabin accommodations."
aurora hello po po,greeting,"Hello! Welcome to Aurora. I can help with rooms, amenities, prices, or reservations."
hello aurora may villa ba today,rooms,"Aurora offers Standard, Deluxe, Suite, Villa, and Cabin accommodations."
please cheapest room,price,Room prices vary depending on room type and dates. Standard rooms are usually the most affordable.
hey aurora what amenities ngayon,amenities,"Aurora amenities include Sky Infinity Pool, Zen Wellness Studio gym, Lumina Dining restaurant, parking, and complimentary WiFi."
please hey aurora today,greeting,"Hello! Welcome to Aurora. I can help with rooms, amenities, prices, or reservations."
hotel location pls,location,"For the exact address and directions, please check the Aurora website location page or contact the front desk."
hi aurora,greeting,"Hello! Welcome to Aurora. I can help with rooms, amenities, prices, or reservations."
best room for couple tonight,recommendation,"Tell me the number of guests, nights, and your budget so I can recommend the best room option."
show me rooms lang,rooms,"Aurora offers Standard, Deluxe, Suite, Villa, and Cabin accommodations."
good day pls,greeting,"Hello! Welcome to Aurora. I can help with rooms, amenities, prices, or reservations."
pde available rooms tonight,rooms,"Aurora offers Standard, Deluxe, Suite, Villa, and Cabin accommodations."
pls tell me room options please,rooms,"Aurora offers Standard, Deluxe, Suite, Villa, and Cabin accommodations."
can you do you have suite po,rooms,"Aurora offers Standard, Deluxe, Suite, Villa, and Cabin accommodations."
aurora prce room,price,Room prices vary depending on room type and dates. Standard rooms are usually the most affordable.
what amenities today,amenities,"Aurora amenities include Sky Infinity Pool, Zen Wellness Studio gym, Lumina Dining restaurant, parking, and complimentary WiFi."
pwede room for 4 guests,recommendation,"Tell me the number of guests, nights, and your budget so I can recommend the best room option."
can you cheapest room pls,price,Room prices vary depending on room type and dates. Standard rooms are usually the most affordable.
please hello po tomorrow,greeting,"Hello! Welcome to Aurora. I can help with rooms, amenities, prices, or reservations."
hello aurora i dont understand please,fallback,"I might not have the exact answer for that, but I can help with rooms, amenities, prices, or reservations."
please may wifi ba,amenities,"Aurora amenities include Sky Infinity Pool, Zen Wellness Studio gym, Lumina Dining restaurant, parking, and complimentary WiFi."
can you hi assistant today,greeting,"Hello! Welcome to Aurora. I can help with rooms, amenities, prices, or reservations."
pde what amenities,amenities,"Aurora amenities include Sky Infinity Pool, Zen Wellness Studio gym, Lumina Dining restaurant, parking, and complimentary WiFi."
please hi aurora pls,greeting,"Hello! Welcome to Aurora. I can help with rooms, amenities, prices, or reservations."
extra bed request po,policy,Policies depend on availability and room type. Please confirm specific requests with the front desk.
pde something random today,fallback,"I might not have the exact answer for that, but I can help with rooms, amenities, prices, or reservations."
hey aurora kumusta today,greeting,"Hello! Welcome to Aurora. I can help with rooms, amenities, prices, or reservations."
pde help booking lang,reservation,"To reserve a room: sign in, open the Rooms page, choose your room and dates, then confirm the reservation."
pls blah blah pls,fallback,"I might not have the exact answer for that, but I can help with rooms, amenities, prices, or reservations."
please may cabin ba,rooms,"Aurora offers Standard, Deluxe, Suite, Villa, and Cabin accommodations."
reserve tomorrow lang,reservation,"To reserve a room: sign in, open the Rooms page, choose your room and dates, then confirm the reservation."
pls explain again ngayon,fallback,"I might not have the exact answer for that, but I can help with rooms, amenities, prices, or reservations."
pls map location lang,location,"For the exact address and directions, please check the Aurora website location page or contact the front desk."
aurora near airport today,location,"For the exact address and directions, please check the Aurora website location page or contact the front desk."
aurora room for 4 guests tonight,recommendation,"Tell me the number of guests, nights, and your budget so I can recommend the best room option."
hey aurora do you have suite tonight,rooms,"Aurora offers Standard, Deluxe, Suite, Villa, and Cabin accommodations."
may wifi ba tomorrow,amenities,"Aurora amenities include Sky Infinity Pool, Zen Wellness Studio gym, Lumina Dining restaurant, parking, and complimentary WiFi."
can you reserve tomorrow lang,reservation,"To reserve a room: sign in, open the Rooms page, choose your room and dates, then confirm the reservation."
pde what rooms do you have,rooms,"Aurora offers Standard, Deluxe, Suite, Villa, and Cabin accommodations."
aurora may villa ba please,rooms,"Aurora offers Standard, Deluxe, Suite, Villa, and Cabin accommodations."
how to book po,reservation,"To reserve a room: sign in, open the Rooms page, choose your room and dates, then confirm the reservation."
please pet policy,policy,Policies depend on availability and room type. Please confirm specific requests with the front desk.
pde blah blah please,fallback,"I might not have the exact answer for that, but I can help with rooms, amenities, prices, or reservations."
please best room for couple ngayon,recommendation,"Tell me the number of guests, nights, and your budget so I can recommend the best room option."
pls something random please,fallback,"I might not have the exact answer for that, but I can help with rooms, amenities, prices, or reservations."
recommend good room ngayon,recommendation,"Tell me the number of guests, nights, and your budget so I can recommend the best room option."
can you pwede mag book,reservation,"To reserve a room: sign in, open the Rooms page, choose your room and dates, then confirm the reservation."
room price,price,Room prices vary depending on room type and dates. Standard rooms are usually the most affordable.
pwede how to book today,reservation,"To reserve a room: sign in, open the Rooms page, choose your room and dates, then confirm the reservation."
please cheap room option tonight,price,Room prices vary depending on room type and dates. Standard rooms are usually the most affordable.
hi aurora today,greeting,"Hello! Welcome to Aurora. I can help with rooms, amenities, prices, or reservations."
can you parking available,amenities,"Aurora amenities include Sky Infinity Pool, Zen Wellness Studio gym, Lumina Dining restaurant, parking, and complimentary WiFi."
pwede may cabin ba please,rooms,"Aurora offers Standard, Deluxe, Suite, Villa, and Cabin accommodations."
aurora good morning please,greeting,"Hello! Welcome to Aurora. I can help with rooms, amenities, prices, or reservations."
can you pwede mag book lang,reservation,"To reserve a room: sign in, open the Rooms page, choose your room and dates, then confirm the reservation."
can you blah blah please,fallback,"I might not have the exact answer for that, but I can help with rooms, amenities, prices, or reservations."
can you hotel policy,policy,Policies depend on availability and room type. Please confirm specific requests with the front desk.
pde wifi details tonight,amenities,"Aurora amenities include Sky Infinity Pool, Zen Wellness Studio gym, Lumina Dining restaurant, parking, and complimentary WiFi."
how to get there lang,location,"For the exact address and directions, please check the Aurora website location page or contact the front desk."
pls may wifi ba tonight,amenities,"Aurora amenities include Sky Infinity Pool, Zen Wellness Studio gym, Lumina Dining restaurant, parking, and complimentary WiFi."
aurora gym available po,amenities,"Aurora amenities include Sky Infinity Pool, Zen Wellness Studio gym, Lumina Dining restaurant, parking, and complimentary WiFi."
can you kids allowed ngayon,policy,Policies depend on availability and room type. Please confirm specific requests with the front desk.
pde recommend under budget ngayon,recommendation,"Tell me the number of guests, nights, and your budget so I can recommend the best room option."
hey aurora pet policy lang,policy,Policies depend on availability and room type. Please confirm specific requests with the front desk.
hey aurora recommend good room lang,recommendation,"Tell me the number of guests, nights, and your budget so I can recommend the best room option."
pde book room,reservation,"To reserve a room: sign in, open the Rooms page, choose your room and dates, then confirm the reservation."
can you gym available po,amenities,"Aurora amenities include Sky Infinity Pool, Zen Wellness Studio gym, Lumina Dining restaurant, parking, and complimentary WiFi."
pls can i check in early po,policy,Policies depend on availability and room type. Please confirm specific requests with the front desk.
pls budget room lang,price,Room prices vary depending on room type and dates. Standard rooms are usually the most affordable.
cheapest room lang,price,Room prices vary depending on room type and dates. Standard rooms are usually the most affordable.
hello aurora magkano deluxe,price,Room prices vary depending on room type and dates. Standard rooms are usually the most affordable.
available rooms today,rooms,"Aurora offers Standard, Deluxe, Suite, Villa, and Cabin accommodations."
hey aurora amenities list please,amenities,"Aurora amenities include Sky Infinity Pool, Zen Wellness Studio gym, Lumina Dining restaurant, parking, and complimentary WiFi."
ano ibig sabihin ngayon,fallback,"I might not have the exact answer for that, but I can help with rooms, amenities, prices, or reservations."
please paano mag reserve ngayon,reservation,"To reserve a room: sign in, open the Rooms page, choose your room and dates, then confirm the reservation."
hello aurora random question,fallback,"I might not have the exact answer for that, but I can help with rooms, amenities, prices, or reservations."
hey aurora address ngayon,location,"For the exact address and directions, please check the Aurora website location page or contact the front desk."
hm room po,price,Room prices vary depending on room type and dates. Standard rooms are usually the most affordable.
pwede magkano room,price,Room prices vary depending on room type and dates. Standard rooms are usually the most affordable.
book room ngayon,reservation,"To reserve a room: sign in, open the Rooms page, choose your room and dates, then confirm the reservation."
aurora do you have gym lang,amenities,"Aurora amenities include Sky Infinity Pool, Zen Wellness Studio gym, Lumina Dining restaurant, parking, and complimentary WiFi."
pde do you like pizza pls,fallback,"I might not have the exact answer for that, but I can help with rooms, amenities, prices, or reservations."
what rooms do you have,rooms,"Aurora offers Standard, Deluxe, Suite, Villa, and Cabin accommodations."
can you random question lang,fallback,"I might not have the exact answer for that, but I can help with rooms, amenities, prices, or reservations."
extra bed request tomorrow,policy,Policies depend on availability and room type. Please confirm specific requests with the front desk.
pwede room typess today,rooms,"Aurora offers Standard, Deluxe, Suite, Villa, and Cabin accommodations."
hello aurora balcony request please,policy,Policies depend on availability and room type. Please confirm specific requests with the front desk.
hey aurora do you have suite tonight,rooms,"Aurora offers Standard, Deluxe, Suite, Villa, and Cabin accommodations."
can you hello po ngayon,greeting,"Hello! Welcome to Aurora. I can help with rooms, amenities, prices, or reservations."
pde best room for couple,recommendation,"Tell me the number of guests, nights, and your budget so I can recommend the best room option."
may cabin ba tomorrow,rooms,"Aurora offers Standard, Deluxe, Suite, Villa, and Cabin accommodations."
hello aurora address today,location,"For the exact address and directions, please check the Aurora website location page or contact the front desk."
help booking po,reservation,"To reserve a room: sign in, open the Rooms page, choose your room and dates, then confirm the reservation."
hello aurora reserve tomorrow tonight,reservation,"To reserve a room: sign in, open the Rooms page, choose your room and dates, then confirm the reservation."
please rooom types,rooms,"Aurora offers Standard, Deluxe, Suite, Villa, and Cabin accommodations."
pls price ng room pls,price,Room prices vary depending on room type and dates. Standard rooms are usually the most affordable.
please what rooms do you have ngayon,rooms,"Aurora offers Standard, Deluxe, Suite, Villa, and Cabin accommodations."
can you late checkout today,policy,Policies depend on availability and room type. Please confirm specific requests with the front desk.
reserve room now po,reservation,"To reserve a room: sign in, open the Rooms page, choose your room and dates, then confirm the reservation."
hello aurora room price lang,price,Room prices vary depending on room type and dates. Standard rooms are usually the most affordable.
hi aurora tonight,greeting,"Hello! Welcome to Aurora. I can help with rooms, amenities, prices, or reservations."
aurora pwede mag book today,reservation,"To reserve a room: sign in, open the Rooms page, choose your room and dates, then confirm the reservation."
pls price ng room today,price,Room prices vary depending on room type and dates. Standard rooms are usually the most affordable.
aurora what if aliens visit please,fallback,"I might not have the exact answer for that, but I can help with rooms, amenities, prices, or reservations."
can you show me rooms ngayon,rooms,"Aurora offers Standard, Deluxe, Suite, Villa, and Cabin accommodations."
pwede recommend room today,recommendation,"Tell me the number of guests, nights, and your budget so I can recommend the best room option."
please check in time ngayon,policy,Policies depend on availability and room type. Please confirm specific requests with the front desk.
pde may wifi ba pls,amenities,"Aurora amenities include Sky Infinity Pool, Zen Wellness Studio gym, Lumina Dining restaurant, parking, and complimentary WiFi."
paano mag reserve please,reservation,"To reserve a room: sign in, open the Rooms page, choose your room and dates, then confirm the reservation."
can you do you have gym pls,amenities,"Aurora amenities include Sky Infinity Pool, Zen Wellness Studio gym, Lumina Dining restaurant, parking, and complimentary WiFi."
can you pool details please,amenities,"Aurora amenities include Sky Infinity Pool, Zen Wellness Studio gym, Lumina Dining restaurant, parking, and complimentary WiFi."
hey aurora kamusta tonight,greeting,"Hello! Welcome to Aurora. I can help with rooms, amenities, prices, or reservations."
pwede map location tomorrow,location,"For the exact address and directions, please check the Aurora website location page or contact the front desk."
may wifi ba po,amenities,"Aurora amenities include Sky Infinity Pool, Zen Wellness Studio gym, Lumina Dining restaurant, parking, and complimentary WiFi."
hello aurora how much is room,price,Room prices vary depending on room type and dates. Standard rooms are usually the most affordable.
please map location pls,location,"For the exact address and directions, please check the Aurora website location page or contact the front desk."
please best room for couple lang,recommendation,"Tell me the number of guests, nights, and your budget so I can recommend the best room option."
pls magkano per night please,price,Room prices vary depending on room type and dates. Standard rooms are usually the most affordable.
pde hi assistant tomorrow,greeting,"Hello! Welcome to Aurora. I can help with rooms, amenities, prices, or reservations."
pls room for 4 guests lang,recommendation,"Tell me the number of guests, nights, and your budget so I can recommend the best room option."
pde how much is room today,price,Room prices vary depending on room type and dates. Standard rooms are usually the most affordable.
please explain again today,fallback,"I might not have the exact answer for that, but I can help with rooms, amenities, prices, or reservations."
extra bed request pls,policy,Policies depend on availability and room type. Please confirm specific requests with the front desk.
hello aurora room price please,price,Room prices vary depending on room type and dates. Standard rooms are usually the most affordable.
magkano per night po,price,Room prices vary depending on room type and dates. Standard rooms are usually the most affordable.
pde random question please,fallback,"I might not have the exact answer for that, but I can help with rooms, amenities, prices, or reservations."
pwede distance city tomorrow,location,"For the exact address and directions, please check the Aurora website location page or contact the front desk."
aurora facilities list tonight,amenities,"Aurora amenities include Sky Infinity Pool, Zen Wellness Studio gym, Lumina Dining restaurant, parking, and complimentary WiFi."
pde hi assistant po,greeting,"Hello! Welcome to Aurora. I can help with rooms, amenities, prices, or reservations."
cheapest room tonight,price,Room prices vary depending on room type and dates. Standard rooms are usually the most affordable.
pde hey ngayon,greeting,"Hello! Welcome to Aurora. I can help with rooms, amenities, prices, or reservations."
pde room suggestion please,recommendation,"Tell me the number of guests, nights, and your budget so I can recommend the best room option."
yo aurora please,greeting,"Hello! Welcome to Aurora. I can help with rooms, amenities, prices, or reservations."
please kamusta pls,greeting,"Hello! Welcome to Aurora. I can help with rooms, amenities, prices, or reservations."
pwede do you like pizza tomorrow,fallback,"I might not have the exact answer for that, but I can help with rooms, amenities, prices, or reservations."
room for 4 guests today,recommendation,"Tell me the number of guests, nights, and your budget so I can recommend the best room option."
aurora can i book now tonight,reservation,"To reserve a room: sign in, open the Rooms page, choose your room and dates, then confirm the reservation."
hello aurora budget room tonight,price,Room prices vary depending on room type and dates. Standard rooms are usually the most affordable.
facilities list pls,amenities,"Aurora amenities include Sky Infinity Pool, Zen Wellness Studio gym, Lumina Dining restaurant, parking, and complimentary WiFi."
pwede reserve room today,reservation,"To reserve a room: sign in, open the Rooms page, choose your room and dates, then confirm the reservation."
reserve room now lang,reservation,"To reserve a room: sign in, open the Rooms page, choose your room and dates, then confirm the reservation."
hello aurora booking steps lang,reservation,"To reserve a room: sign in, open the Rooms page, choose your room and dates, then confirm the reservation."
hello aurora good afternoon pls,greeting,"Hello! Welcome to Aurora. I can help with rooms, amenities, prices, or reservations."
pls recommend good room ngayon,recommendation,"Tell me the number of guests, nights, and your budget so I can recommend the best room option."
pwede mag book tonight,reservation,"To reserve a room: sign in, open the Rooms page, choose your room and dates, then confirm the reservation."
pde may rooms ba kayo please,rooms,"Aurora offers Standard, Deluxe, Suite, Villa, and Cabin accommodations."
tell me more tomorrow,fallback,"I might not have the exact answer for that, but I can help with rooms, amenities, prices, or reservations."
pwede what kind of rooms tonight,rooms,"Aurora offers Standard, Deluxe, Suite, Villa, and Cabin accommodations."
pls ano ibig sabihin lang,fallback,"I might not have the exact answer for that, but I can help with rooms, amenities, prices, or reservations."
pde show me rooms lang,rooms,"Aurora offers Standard, Deluxe, Suite, Villa, and Cabin accommodations."
hey aurora suggest best room today,recommendation,"Tell me the number of guests, nights, and your budget so I can recommend the best room option."
hello aurora rooom price please,price,Room prices vary depending on room type and dates. Standard rooms are usually the most affordable.
hey aurora room types,rooms,"Aurora offers Standard, Deluxe, Suite, Villa, and Cabin accommodations."
pls tell me more ngayon,fallback,"I might not have the exact answer for that, but I can help with rooms, amenities, prices, or reservations."
pwede do you have suite,rooms,"Aurora offers Standard, Deluxe, Suite, Villa, and Cabin accommodations."
pde sup aurora tonight,greeting,"Hello! Welcome to Aurora. I can help with rooms, amenities, prices, or reservations."
can i book now,reservation,"To reserve a room: sign in, open the Rooms page, choose your room and dates, then confirm the reservation."
hello aurora blah blah tomorrow,fallback,"I might not have the exact answer for that, but I can help with rooms, amenities, prices, or reservations."
please what rooms do you have lang,rooms,"Aurora offers Standard, Deluxe, Suite, Villa, and Cabin accommodations."
can you location of hotel ngayon,location,"For the exact address and directions, please check the Aurora website location page or contact the front desk."
can you facilities list please,amenities,"Aurora amenities include Sky Infinity Pool, Zen Wellness Studio gym, Lumina Dining restaurant, parking, and complimentary WiFi."
pde cheap room suggestion please,recommendation,"Tell me the number of guests, nights, and your budget so I can recommend the best room option."
pls reserve room po,reservation,"To reserve a room: sign in, open the Rooms page, choose your room and dates, then confirm the reservation."
balcony request,policy,Policies depend on availability and room type. Please confirm specific requests with the front desk.
help booking tonight,reservation,"To reserve a room: sign in, open the Rooms page, choose your room and dates, then confirm the reservation."
pde cheap room suggestion lang,recommendation,"Tell me the number of guests, nights, and your budget so I can recommend the best room option."
check in time tomorrow,policy,Policies depend on availability and room type. Please confirm specific requests with the front desk.
aurora cheapest room tomorrow,price,Room prices vary depending on room type and dates. Standard rooms are usually the most affordable.
pls gym available ngayon,amenities,"Aurora amenities include Sky Infinity Pool, Zen Wellness Studio gym, Lumina Dining restaurant, parking, and complimentary WiFi."
facilities list please,amenities,"Aurora amenities include Sky Infinity Pool, Zen Wellness Studio gym, Lumina Dining restaurant, parking, and complimentary WiFi."
pls wifi details po,amenities,"Aurora amenities include Sky Infinity Pool, Zen Wellness Studio gym, Lumina Dining restaurant, parking, and complimentary WiFi."
pls good evening please,greeting,"Hello! Welcome to Aurora. I can help with rooms, amenities, prices, or reservations."
address please,location,"For the exact address and directions, please check the Aurora website location page or contact the front desk."
can you pool details today,amenities,"Aurora amenities include Sky Infinity Pool, Zen Wellness Studio gym, Lumina Dining restaurant, parking, and complimentary WiFi."
aurora ano mga room types lang,rooms,"Aurora offers Standard, Deluxe, Suite, Villa, and Cabin accommodations."
pwede room typess pls,rooms,"Aurora offers Standard, Deluxe, Suite, Villa, and Cabin accommodations."
aurora price per night today,price,Room prices vary depending on room type and dates. Standard rooms are usually the most affordable.
pls may villa ba,rooms,"Aurora offers Standard, Deluxe, Suite, Villa, and Cabin accommodations."
pde room types,rooms,"Aurora offers Standard, Deluxe, Suite, Villa, and Cabin accommodations."
hey aurora hello po lang,greeting,"Hello! Welcome to Aurora. I can help with rooms, amenities, prices, or reservations."
pwede late checkout please,policy,Policies depend on availability and room type. Please confirm specific requests with the front desk.
pde booking steps,reservation,"To reserve a room: sign in, open the Rooms page, choose your room and dates, then confirm the reservation."
aurora good evening please,greeting,"Hello! Welcome to Aurora. I can help with rooms, amenities, prices, or reservations."
pwede what rooms do you have ngayon,rooms,"Aurora offers Standard, Deluxe, Suite, Villa, and Cabin accommodations."
aurora distance city ngayon,location,"For the exact address and directions, please check the Aurora website location page or contact the front desk."
rooom types tonight,rooms,"Aurora offers Standard, Deluxe, Suite, Villa, and Cabin accommodations."
please what amenities please,amenities,"Aurora amenities include Sky Infinity Pool, Zen Wellness Studio gym, Lumina Dining restaurant, parking, and complimentary WiFi."
pwede mag book ngayon,reservation,"To reserve a room: sign in, open the Rooms page, choose your room and dates, then confirm the reservation."
hey aurora do you have gym today,amenities,"Aurora amenities include Sky Infinity Pool, Zen Wellness Studio gym, Lumina Dining restaurant, parking, and complimentary WiFi."
hey aurora reserve room lang,reservation,"To reserve a room: sign in, open the Rooms page, choose your room and dates, then confirm the reservation."
aurora book room tonight,reservation,"To reserve a room: sign in, open the Rooms page, choose your room and dates, then confirm the reservation."
please best room for couple lang,recommendation,"Tell me the number of guests, nights, and your budget so I can recommend the best room option."
please suite price tomorrow,price,Room prices vary depending on room type and dates. Standard rooms are usually the most affordable.
pde magkano per night ngayon,price,Room prices vary depending on room type and dates. Standard rooms are usually the most affordable.
pwede reserve tomorrow today,reservation,"To reserve a room: sign in, open the Rooms page, choose your room and dates, then confirm the reservation."
pls hi assistant please,greeting,"Hello! Welcome to Aurora. I can help with rooms, amenities, prices, or reservations."
hey aurora reserve tomorrow,reservation,"To reserve a room: sign in, open the Rooms page, choose your room and dates, then confirm the reservation."
recommend under budget ngayon,recommendation,"Tell me the number of guests, nights, and your budget so I can recommend the best room option."
pde balcony request lang,policy,Policies depend on availability and room type. Please confirm specific requests with the front desk.
kids allowed today,policy,Policies depend on availability and room type. Please confirm specific requests with the front desk.
pwede room typess po,rooms,"Aurora offers Standard, Deluxe, Suite, Villa, and Cabin accommodations."
hey aurora available rooms,rooms,"Aurora offers Standard, Deluxe, Suite, Villa, and Cabin accommodations."
pls price ng room po,price,Room prices vary depending on room type and dates. Standard rooms are usually the most affordable.
price ng room,price,Room prices vary depending on room type and dates. Standard rooms are usually the most affordable.
can you good afternoon,greeting,"Hello! Welcome to Aurora. I can help with rooms, amenities, prices, or reservations."
aurora random question lang,fallback,"I might not have the exact answer for that, but I can help with rooms, amenities, prices, or reservations."
hey aurora may wifi ba ngayon,amenities,"Aurora amenities include Sky Infinity Pool, Zen Wellness Studio gym, Lumina Dining restaurant, parking, and complimentary WiFi."
aurora magkano room,price,Room prices vary depending on room type and dates. Standard rooms are usually the most affordable.
can you may villa ba today,rooms,"Aurora offers Standard, Deluxe, Suite, Villa, and Cabin accommodations."
hey aurora may pool ba tonight,amenities,"Aurora amenities include Sky Infinity Pool, Zen Wellness Studio gym, Lumina Dining restaurant, parking, and complimentary WiFi."
can you book room,reservation,"To reserve a room: sign in, open the Rooms page, choose your room and dates, then confirm the reservation."
please room typess ngayon,rooms,"Aurora offers Standard, Deluxe, Suite, Villa, and Cabin accommodations."
please rooom types pls,rooms,"Aurora offers Standard, Deluxe, Suite, Villa, and Cabin accommodations."
please hi aurora ngayon,greeting,"Hello! Welcome to Aurora. I can help with rooms, amenities, prices, or reservations."
please map location tomorrow,location,"For the exact address and directions, please check the Aurora website location page or contact the front desk."
hello aurora kumusta ngayon,greeting,"Hello! Welcome to Aurora. I can help with rooms, amenities, prices, or reservations."
pls reserve room today,reservation,"To reserve a room: sign in, open the Rooms page, choose your room and dates, then confirm the reservation."
please random question ngayon,fallback,"I might not have the exact answer for that, but I can help with rooms, amenities, prices, or reservations."
pwede good evening please,greeting,"Hello! Welcome to Aurora. I can help with rooms, amenities, prices, or reservations."
random question po,fallback,"I might not have the exact answer for that, but I can help with rooms, amenities, prices, or reservations."
pde kumusta tomorrow,greeting,"Hello! Welcome to Aurora. I can help with rooms, amenities, prices, or reservations."
hello aurora book room tomorrow,reservation,"To reserve a room: sign in, open the Rooms page, choose your room and dates, then confirm the reservation."
please balcony request tonight,policy,Policies depend on availability and room type. Please confirm specific requests with the front desk.
pde how to get there today,location,"For the exact address and directions, please check the Aurora website location page or contact the front desk."
pwede amenities list po,amenities,"Aurora amenities include Sky Infinity Pool, Zen Wellness Studio gym, Lumina Dining restaurant, parking, and complimentary WiFi."
hello aurora what kind of rooms lang,rooms,"Aurora offers Standard, Deluxe, Suite, Villa, and Cabin accommodations."
pde price per night tonight,price,Room prices vary depending on room type and dates. Standard rooms are usually the most affordable.
hey aurora room preference today,policy,Policies depend on availability and room type. Please confirm specific requests with the front desk.
pde booking steps today,reservation,"To reserve a room: sign in, open the Rooms page, choose your room and dates, then confirm the reservation."
hello aurora recommend good room today,recommendation,"Tell me the number of guests, nights, and your budget so I can recommend the best room option."
pde may wifi ba ngayon,amenities,"Aurora amenities include Sky Infinity Pool, Zen Wellness Studio gym, Lumina Dining restaurant, parking, and complimentary WiFi."
pwede map location tonight,location,"For the exact address and directions, please check the Aurora website location page or contact the front desk."
pwede do you like pizza po,fallback,"I might not have the exact answer for that, but I can help with rooms, amenities, prices, or reservations."
aurora recommend good room tonight,recommendation,"Tell me the number of guests, nights, and your budget so I can recommend the best room option."
pwede balcony request tomorrow,policy,Policies depend on availability and room type. Please confirm specific requests with the front desk.
please pet policy tomorrow,policy,Policies depend on availability and room type. Please confirm specific requests with the front desk.
pls hi aurora please,greeting,"Hello! Welcome to Aurora. I can help with rooms, amenities, prices, or reservations."
pde rooom price tomorrow,price,Room prices vary depending on room type and dates. Standard rooms are usually the most affordable.
please recommend good room today,recommendation,"Tell me the number of guests, nights, and your budget so I can recommend the best room option."
pls room price po,price,Room prices vary depending on room type and dates. Standard rooms are usually the most affordable.
can you tell me room options po,rooms,"Aurora offers Standard, Deluxe, Suite, Villa, and Cabin accommodations."
pwede budget room ngayon,price,Room prices vary depending on room type and dates. Standard rooms are usually the most affordable.
hello there today,greeting,"Hello! Welcome to Aurora. I can help with rooms, amenities, prices, or reservations."
please extra bed request lang,policy,Policies depend on availability and room type. Please confirm specific requests with the front desk.
room types tonight,rooms,"Aurora offers Standard, Deluxe, Suite, Villa, and Cabin accommodations."
pls do you have suite,rooms,"Aurora offers Standard, Deluxe, Suite, Villa, and Cabin accommodations."
please booking steps pls,reservation,"To reserve a room: sign in, open the Rooms page, choose your room and dates, then confirm the reservation."
hey aurora magkano per night,price,Room prices vary depending on room type and dates. Standard rooms are usually the most affordable.
hey aurora hello there ngayon,greeting,"Hello! Welcome to Aurora. I can help with rooms, amenities, prices, or reservations."
hello aurora hey ngayon,greeting,"Hello! Welcome to Aurora. I can help with rooms, amenities, prices, or reservations."
what amenities tonight,amenities,"Aurora amenities include Sky Infinity Pool, Zen Wellness Studio gym, Lumina Dining restaurant, parking, and complimentary WiFi."
pls may villa ba tonight,rooms,"Aurora offers Standard, Deluxe, Suite, Villa, and Cabin accommodations."
can you is pool free po,amenities,"Aurora amenities include Sky Infinity Pool, Zen Wellness Studio gym, Lumina Dining restaurant, parking, and complimentary WiFi."
hey aurora suggest room,recommendation,"Tell me the number of guests, nights, and your budget so I can recommend the best room option."
pls good evening please,greeting,"Hello! Welcome to Aurora. I can help with rooms, amenities, prices, or reservations."
please show me rooms po,rooms,"Aurora offers Standard, Deluxe, Suite, Villa, and Cabin accommodations."
pls i dont understand tomorrow,fallback,"I might not have the exact answer for that, but I can help with rooms, amenities, prices, or reservations."
aurora what kind of rooms tonight,rooms,"Aurora offers Standard, Deluxe, Suite, Villa, and Cabin accommodations."
pls paano mag reserve ngayon,reservation,"To reserve a room: sign in, open the Rooms page, choose your room and dates, then confirm the reservation."
can you how much is room po,price,Room prices vary depending on room type and dates. Standard rooms are usually the most affordable.
may pool ba po,amenities,"Aurora amenities include Sky Infinity Pool, Zen Wellness Studio gym, Lumina Dining restaurant, parking, and complimentary WiFi."
pwede extra bed request tonight,policy,Policies depend on availability and room type. Please confirm specific requests with the front desk.
may pool ba,amenities,"Aurora amenities include Sky Infinity Pool, Zen Wellness Studio gym, Lumina Dining restaurant, parking, and complimentary WiFi."
hello aurora good morning pls,greeting,"Hello! Welcome to Aurora. I can help with rooms, amenities, prices, or reservations."
aurora best room for couple today,recommendation,"Tell me the number of guests, nights, and your budget so I can recommend the best room option."
please room types tomorrow,rooms,"Aurora offers Standard, Deluxe, Suite, Villa, and Cabin accommodations."
please booking steps lang,reservation,"To reserve a room: sign in, open the Rooms page, choose your room and dates, then confirm the reservation."
aurora hi aurora,greeting,"Hello! Welcome to Aurora. I can help with rooms, amenities, prices, or reservations."
pde is pool free lang,amenities,"Aurora amenities include Sky Infinity Pool, Zen Wellness Studio gym, Lumina Dining restaurant, parking, and complimentary WiFi."
pls cheap room option tonight,price,Room prices vary depending on room type and dates. Standard rooms are usually the most affordable.
can you may wifi ba today,amenities,"Aurora amenities include Sky Infinity Pool, Zen Wellness Studio gym, Lumina Dining restaurant, parking, and complimentary WiFi."
hello aurora recommend good room today,recommendation,"Tell me the number of guests, nights, and your budget so I can recommend the best room option."
please cheapest room pls,price,Room prices vary depending on room type and dates. Standard rooms are usually the most affordable.
hey aurora what amenities po,amenities,"Aurora amenities include Sky Infinity Pool, Zen Wellness Studio gym, Lumina Dining restaurant, parking, and complimentary WiFi."
pde check out time lang,policy,Policies depend on availability and room type. Please confirm specific requests with the front desk.
pde pool details pls,amenities,"Aurora amenities include Sky Infinity Pool, Zen Wellness Studio gym, Lumina Dining restaurant, parking, and complimentary WiFi."
hello aurora recommend good room tomorrow,recommendation,"Tell me the number of guests, nights, and your budget so I can recommend the best room option."
hello aurora may wifi ba po,amenities,"Aurora amenities include Sky Infinity Pool, Zen Wellness Studio gym, Lumina Dining restaurant, parking, and complimentary WiFi."
pde rooom price please,price,Room prices vary depending on room type and dates. Standard rooms are usually the most affordable.
pls hotel policy tomorrow,policy,Policies depend on availability and room type. Please confirm specific requests with the front desk.
recommend good room lang,recommendation,"Tell me the number of guests, nights, and your budget so I can recommend the best room option."
how much is room ngayon,price,Room prices vary depending on room type and dates. Standard rooms are usually the most affordable.
pls room for 4 guests tomorrow,recommendation,"Tell me the number of guests, nights, and your budget so I can recommend the best room option."
can you what rooms do you have lang,rooms,"Aurora offers Standard, Deluxe, Suite, Villa, and Cabin accommodations."
aurora good evening please,greeting,"Hello! Welcome to Aurora. I can help with rooms, amenities, prices, or reservations."
pls ano mga room types,rooms,"Aurora offers Standard, Deluxe, Suite, Villa, and Cabin accommodations."
wifi details,amenities,"Aurora amenities include Sky Infinity Pool, Zen Wellness Studio gym, Lumina Dining restaurant, parking, and complimentary WiFi."
aurora check in time tonight,policy,Policies depend on availability and room type. Please confirm specific requests with the front desk.
pls facilities list lang,amenities,"Aurora amenities include Sky Infinity Pool, Zen Wellness Studio gym, Lumina Dining restaurant, parking, and complimentary WiFi."
hi po today,greeting,"Hello! Welcome to Aurora. I can help with rooms, amenities, prices, or reservations."
pls tell me more tonight,fallback,"I might not have the exact answer for that, but I can help with rooms, amenities, prices, or reservations."
can you room for family,recommendation,"Tell me the number of guests, nights, and your budget so I can recommend the best room option."
hey aurora something random,fallback,"I might not have the exact answer for that, but I can help with rooms, amenities, prices, or reservations."
please suggest room tomorrow,recommendation,"Tell me the number of guests, nights, and your budget so I can recommend the best room option."
room preference po,policy,Policies depend on availability and room type. Please confirm specific requests with the front desk.
can you yo aurora po,greeting,"Hello! Welcome to Aurora. I can help with rooms, amenities, prices, or reservations."
hello aurora balcony request,policy,Policies depend on availability and room type. Please confirm specific requests with the front desk.
please random question,fallback,"I might not have the exact answer for that, but I can help with rooms, amenities, prices, or reservations."
aurora may villa ba today,rooms,"Aurora offers Standard, Deluxe, Suite, Villa, and Cabin accommodations."
pwede blah blah lang,fallback,"I might not have the exact answer for that, but I can help with rooms, amenities, prices, or reservations."
hello aurora address lang,location,"For the exact address and directions, please check the Aurora website location page or contact the front desk."
pls room typess tonight,rooms,"Aurora offers Standard, Deluxe, Suite, Villa, and Cabin accommodations."
pwede available rooms lang,rooms,"Aurora offers Standard, Deluxe, Suite, Villa, and Cabin accommodations."
please recommend under budget tonight,recommendation,"Tell me the number of guests, nights, and your budget so I can recommend the best room option."
best room for couple please,recommendation,"Tell me the number of guests, nights, and your budget so I can recommend the best room option."
pde gym available,amenities,"Aurora amenities include Sky Infinity Pool, Zen Wellness Studio gym, Lumina Dining restaurant, parking, and complimentary WiFi."
hey aurora suite price tonight,price,Room prices vary depending on room type and dates. Standard rooms are usually the most affordable.
aurora book tonight,reservation,"To reserve a room: sign in, open the Rooms page, choose your room and dates, then confirm the reservation."
pwede may pool ba please,amenities,"Aurora amenities include Sky Infinity Pool, Zen Wellness Studio gym, Lumina Dining restaurant, parking, and complimentary WiFi."
hi aurora please,greeting,"Hello! Welcome to Aurora. I can help with rooms, amenities, prices, or reservations."
can you hello po,greeting,"Hello! Welcome to Aurora. I can help with rooms, amenities, prices, or reservations."
pde reserve room tomorrow,reservation,"To reserve a room: sign in, open the Rooms page, choose your room and dates, then confirm the reservation."
pwede room for family today,recommendation,"Tell me the number of guests, nights, and your budget so I can recommend the best room option."
can you hm room,price,Room prices vary depending on room type and dates. Standard rooms are usually the most affordable.
pwede blah blah tonight,fallback,"I might not have the exact answer for that, but I can help with rooms, amenities, prices, or reservations."
pwede reserve tomorrow po,reservation,"To reserve a room: sign in, open the Rooms page, choose your room and dates, then confirm the reservation."
hey aurora hello,greeting,"Hello! Welcome to Aurora. I can help with rooms, amenities, prices, or reservations."
pls yo aurora po,greeting,"Hello! Welcome to Aurora. I can help with rooms, amenities, prices, or reservations."
pwede restaurant available tomorrow,amenities,"Aurora amenities include Sky Infinity Pool, Zen Wellness Studio gym, Lumina Dining restaurant, parking, and complimentary WiFi."
hey aurora cheapest room today,price,Room prices vary depending on room type and dates. Standard rooms are usually the most affordable.
aurora room typess lang,rooms,"Aurora offers Standard, Deluxe, Suite, Villa, and Cabin accommodations."
can you wifi details lang,amenities,"Aurora amenities include Sky Infinity Pool, Zen Wellness Studio gym, Lumina Dining restaurant, parking, and complimentary WiFi."
hey aurora recommend under budget pls,recommendation,"Tell me the number of guests, nights, and your budget so I can recommend the best room option."
aurora hotel policy pls,policy,Policies depend on availability and room type. Please confirm specific requests with the front desk.
restaurant available ngayon,amenities,"Aurora amenities include Sky Infinity Pool, Zen Wellness Studio gym, Lumina Dining restaurant, parking, and complimentary WiFi."
pwede good day lang,greeting,"Hello! Welcome to Aurora. I can help with rooms, amenities, prices, or reservations."
please how much is room today,price,Room prices vary depending on room type and dates. Standard rooms are usually the most affordable.
hey aurora book tonight today,reservation,"To reserve a room: sign in, open the Rooms page, choose your room and dates, then confirm the reservation."
hey aurora hi aurora tomorrow,greeting,"Hello! Welcome to Aurora. I can help with rooms, amenities, prices, or reservations."
pwede hello there today,greeting,"Hello! Welcome to Aurora. I can help with rooms, amenities, prices, or reservations."
map location pls,location,"For the exact address and directions, please check the Aurora website location page or contact the front desk."
hello aurora how do i reserve lang,reservation,"To reserve a room: sign in, open the Rooms page, choose your room and dates, then confirm the reservation."
pde amenities list lang,amenities,"Aurora amenities include Sky Infinity Pool, Zen Wellness Studio gym, Lumina Dining restaurant, parking, and complimentary WiFi."
kids allowed please,policy,Policies depend on availability and room type. Please confirm specific requests with the front desk.
please amenities list pls,amenities,"Aurora amenities include Sky Infinity Pool, Zen Wellness Studio gym, Lumina Dining restaurant, parking, and complimentary WiFi."
hello aurora reserve tomorrow po,reservation,"To reserve a room: sign in, open the Rooms page, choose your room and dates, then confirm the reservation."
where is aurora po,location,"For the exact address and directions, please check the Aurora website location page or contact the front desk."
pde hi assistant tonight,greeting,"Hello! Welcome to Aurora. I can help with rooms, amenities, prices, or reservations."
pde check in time,policy,Policies depend on availability and room type. Please confirm specific requests with the front desk.
pls amenities list tomorrow,amenities,"Aurora amenities include Sky Infinity Pool, Zen Wellness Studio gym, Lumina Dining restaurant, parking, and complimentary WiFi."
please explain again tomorrow,fallback,"I might not have the exact answer for that, but I can help with rooms, amenities, prices, or reservations."
can you do you have gym tonight,amenities,"Aurora amenities include Sky Infinity Pool, Zen Wellness Studio gym, Lumina Dining restaurant, parking, and complimentary WiFi."
hello aurora available rooms,rooms,"Aurora offers Standard, Deluxe, Suite, Villa, and Cabin accommodations."
ano mga room types po,rooms,"Aurora offers Standard, Deluxe, Suite, Villa, and Cabin accommodations."
hey aurora what amenities,amenities,"Aurora amenities include Sky Infinity Pool, Zen Wellness Studio gym, Lumina Dining restaurant, parking, and complimentary WiFi."
please cheap room suggestion please,recommendation,"Tell me the number of guests, nights, and your budget so I can recommend the best room option."
pwede something random pls,fallback,"I might not have the exact answer for that, but I can help with rooms, amenities, prices, or reservations."
please pwede mag book lang,reservation,"To reserve a room: sign in, open the Rooms page, choose your room and dates, then confirm the reservation."
pls recommend good room,recommendation,"Tell me the number of guests, nights, and your budget so I can recommend the best room option."
hello aurora what amenities pls,amenities,"Aurora amenities include Sky Infinity Pool, Zen Wellness Studio gym, Lumina Dining restaurant, parking, and complimentary WiFi."
hey aurora may pool ba po,amenities,"Aurora amenities include Sky Infinity Pool, Zen Wellness Studio gym, Lumina Dining restaurant, parking, and complimentary WiFi."
hey aurora location of hotel lang,location,"For the exact address and directions, please check the Aurora website location page or contact the front desk."
please where is aurora,location,"For the exact address and directions, please check the Aurora website location page or contact the front desk."
please hotel location please,location,"For the exact address and directions, please check the Aurora website location page or contact the front desk."
show me rooms tomorrow,rooms,"Aurora offers Standard, Deluxe, Suite, Villa, and Cabin accommodations."
pls available rooms today,rooms,"Aurora offers Standard, Deluxe, Suite, Villa, and Cabin accommodations."
can i book now today,reservation,"To reserve a room: sign in, open the Rooms page, choose your room and dates, then confirm the reservation."
pls room preference tonight,policy,Policies depend on availability and room type. Please confirm specific requests with the front desk.
pde magkano deluxe lang,price,Room prices vary depending on room type and dates. Standard rooms are usually the most affordable.
pls hotel policy,policy,Policies depend on availability and room type. Please confirm specific requests with the front desk.
pwede wifi details tomorrow,amenities,"Aurora amenities include Sky Infinity Pool, Zen Wellness Studio gym, Lumina Dining restaurant, parking, and complimentary WiFi."
pool details,amenities,"Aurora amenities include Sky Infinity Pool, Zen Wellness Studio gym, Lumina Dining restaurant, parking, and complimentary WiFi."
please do you like pizza today,fallback,"I might not have the exact answer for that, but I can help with rooms, amenities, prices, or reservations."
rooom types tomorrow,rooms,"Aurora offers Standard, Deluxe, Suite, Villa, and Cabin accommodations."
hey aurora rooom price,price,Room prices vary depending on room type and dates. Standard rooms are usually the most affordable.
suite price pls,price,Room prices vary depending on room type and dates. Standard rooms are usually the most affordable.
may pool ba tonight,amenities,"Aurora amenities include Sky Infinity Pool, Zen Wellness Studio gym, Lumina Dining restaurant, parking, and complimentary WiFi."
pde book room pls,reservation,"To reserve a room: sign in, open the Rooms page, choose your room and dates, then confirm the reservation."
hey aurora best room for couple pls,recommendation,"Tell me the number of guests, nights, and your budget so I can recommend the best room option."
check in time please,policy,Policies depend on availability and room type. Please confirm specific requests with the front desk.
can you can i book now,reservation,"To reserve a room: sign in, open the Rooms page, choose your room and dates, then confirm the reservation."
pwede recommend under budget today,recommendation,"Tell me the number of guests, nights, and your budget so I can recommend the best room option."
can you room for family pls,recommendation,"Tell me the number of guests, nights, and your budget so I can recommend the best room option."
pwede kamusta tomorrow,greeting,"Hello! Welcome to Aurora. I can help with rooms, amenities, prices, or reservations."
hello aurora kumusta tomorrow,greeting,"Hello! Welcome to Aurora. I can help with rooms, amenities, prices, or reservations."
can you late checkout po,policy,Policies depend on availability and room type. Please confirm specific requests with the front desk.
hey aurora hello there po,greeting,"Hello! Welcome to Aurora. I can help with rooms, amenities, prices, or reservations."
pls good evening ngayon,greeting,"Hello! Welcome to Aurora. I can help with rooms, amenities, prices, or reservations."
kids allowed tomorrow,policy,Policies depend on availability and room type. Please confirm specific requests with the front desk.
aurora pwede mag book po,reservation,"To reserve a room: sign in, open the Rooms page, choose your room and dates, then confirm the reservation."
aurora deluxe price ngayon,price,Room prices vary depending on room type and dates. Standard rooms are usually the most affordable.
pde address pls,location,"For the exact address and directions, please check the Aurora website location page or contact the front desk."
pls list rooms available today,rooms,"Aurora offers Standard, Deluxe, Suite, Villa, and Cabin accommodations."
pwede extra bed request po,policy,Policies depend on availability and room type. Please confirm specific requests with the front desk.
please can i check in early please,policy,Policies depend on availability and room type. Please confirm specific requests with the front desk.
please list rooms available today,rooms,"Aurora offers Standard, Deluxe, Suite, Villa, and Cabin accommodations."
room suggestion please please,recommendation,"Tell me the number of guests, nights, and your budget so I can recommend the best room option."
pwede mag book tonight,reservation,"To reserve a room: sign in, open the Rooms page, choose your room and dates, then confirm the reservation."
pwede may pool ba tomorrow,amenities,"Aurora amenities include Sky Infinity Pool, Zen Wellness Studio gym, Lumina Dining restaurant, parking, and complimentary WiFi."
may wifi ba pls,amenities,"Aurora amenities include Sky Infinity Pool, Zen Wellness Studio gym, Lumina Dining restaurant, parking, and complimentary WiFi."
explain again tonight,fallback,"I might not have the exact answer for that, but I can help with rooms, amenities, prices, or reservations."
pls room list please ngayon,rooms,"Aurora offers Standard, Deluxe, Suite, Villa, and Cabin accommodations."
can you what if aliens visit po,fallback,"I might not have the exact answer for that, but I can help with rooms, amenities, prices, or reservations."
pwede room suggestion please please,recommendation,"Tell me the number of guests, nights, and your budget so I can recommend the best room option."
pls suite price ngayon,price,Room prices vary depending on room type and dates. Standard rooms are usually the most affordable.
cheapest room please,price,Room prices vary depending on room type and dates. Standard rooms are usually the most affordable.
can you hi pls,greeting,"Hello! Welcome to Aurora. I can help with rooms, amenities, prices, or reservations."
hey aurora cheap room option,price,Room prices vary depending on room type and dates. Standard rooms are usually the most affordable.
list rooms available ngayon,rooms,"Aurora offers Standard, Deluxe, Suite, Villa, and Cabin accommodations."
pwede magkano per night ngayon,price,Room prices vary depending on room type and dates. Standard rooms are usually the most affordable.
tell me room options,rooms,"Aurora offers Standard, Deluxe, Suite, Villa, and Cabin accommodations."
pls yo aurora tonight,greeting,"Hello! Welcome to Aurora. I can help with rooms, amenities, prices, or reservations."
hello aurora room for family today,recommendation,"Tell me the number of guests, nights, and your budget so I can recommend the best room option."
hello aurora ano mga room types po,rooms,"Aurora offers Standard, Deluxe, Suite, Villa, and Cabin accommodations."
suggest room please,recommendation,"Tell me the number of guests, nights, and your budget so I can recommend the best room option."
pls what rooms do you have tomorrow,rooms,"Aurora offers Standard, Deluxe, Suite, Villa, and Cabin accommodations."
hotel policy po,policy,Policies depend on availability and room type. Please confirm specific requests with the front desk.
can you room price ngayon,price,Room prices vary depending on room type and dates. Standard rooms are usually the most affordable.
hey aurora how to get there today,location,"For the exact address and directions, please check the Aurora website location page or contact the front desk."
suggest best room lang,recommendation,"Tell me the number of guests, nights, and your budget so I can recommend the best room option."
aurora late checkout po,policy,Policies depend on availability and room type. Please confirm specific requests with the front desk.
pde facilities list pls,amenities,"Aurora amenities include Sky Infinity Pool, Zen Wellness Studio gym, Lumina Dining restaurant, parking, and complimentary WiFi."
something random please,fallback,"I might not have the exact answer for that, but I can help with rooms, amenities, prices, or reservations."
please budget room today,price,Room prices vary depending on room type and dates. Standard rooms are usually the most affordable.
is pool free pls,amenities,"Aurora amenities include Sky Infinity Pool, Zen Wellness Studio gym, Lumina Dining restaurant, parking, and complimentary WiFi."
pls suite price tomorrow,price,Room prices vary depending on room type and dates. Standard rooms are usually the most affordable.
pls suite price tomorrow,price,Room prices vary depending on room type and dates. Standard rooms are usually the most affordable.
can you room for family pls,recommendation,"Tell me the number of guests, nights, and your budget so I can recommend the best room option."
i dont understand po,fallback,"I might not have the exact answer for that, but I can help with rooms, amenities, prices, or reservations."
aurora distance city ngayon,location,"For the exact address and directions, please check the Aurora website location page or contact the front desk."
hello aurora room types today,rooms,"Aurora offers Standard, Deluxe, Suite, Villa, and Cabin accommodations."
hey aurora hi po,greeting,"Hello! Welcome to Aurora. I can help with rooms, amenities, prices, or reservations."
pls magkano per night,price,Room prices vary depending on room type and dates. Standard rooms are usually the most affordable.
pls recommend under budget please,recommendation,"Tell me the number of guests, nights, and your budget so I can recommend the best room option."
hello again tomorrow,greeting,"Hello! Welcome to Aurora. I can help with rooms, amenities, prices, or reservations."
aurora magkano room tomorrow,price,Room prices vary depending on room type and dates. Standard rooms are usually the most affordable.
pde may pool ba please,amenities,"Aurora amenities include Sky Infinity Pool, Zen Wellness Studio gym, Lumina Dining restaurant, parking, and complimentary WiFi."
pwede paano mag reserve tomorrow,reservation,"To reserve a room: sign in, open the Rooms page, choose your room and dates, then confirm the reservation."
aurora how to get there pls,location,"For the exact address and directions, please check the Aurora website location page or contact the front desk."
suite price,price,Room prices vary depending on room type and dates. Standard rooms are usually the most affordable.
pde hi po tonight,greeting,"Hello! Welcome to Aurora. I can help with rooms, amenities, prices, or reservations."
pls room suggestion please pls,recommendation,"Tell me the number of guests, nights, and your budget so I can recommend the best room option."
aurora show me rooms tomorrow,rooms,"Aurora offers Standard, Deluxe, Suite, Villa, and Cabin accommodations."
suggest best room,recommendation,"Tell me the number of guests, nights, and your budget so I can recommend the best room option."
please recommend under budget,recommendation,"Tell me the number of guests, nights, and your budget so I can recommend the best room option."
ano ibig sabihin po,fallback,"I might not have the exact answer for that, but I can help with rooms, amenities, prices, or reservations."
aurora hotel location,location,"For the exact address and directions, please check the Aurora website location page or contact the front desk."
can you hello po tomorrow,greeting,"Hello! Welcome to Aurora. I can help with rooms, amenities, prices, or reservations."
pls tell me room options tomorrow,rooms,"Aurora offers Standard, Deluxe, Suite, Villa, and Cabin accommodations."
pde late checkout tomorrow,policy,Policies depend on availability and room type. Please confirm specific requests with the front desk.
aurora show me rooms pls,rooms,"Aurora offers Standard, Deluxe, Suite, Villa, and Cabin accommodations."
prce room,price,Room prices vary depending on room type and dates. Standard rooms are usually the most affordable.
hello aurora tell me more,fallback,"I might not have the exact answer for that, but I can help with rooms, amenities, prices, or reservations."
pwede rooom types today,rooms,"Aurora offers Standard, Deluxe, Suite, Villa, and Cabin accommodations."
pwede recommend good room lang,recommendation,"Tell me the number of guests, nights, and your budget so I can recommend the best room option."
pwede is pool free lang,amenities,"Aurora amenities include Sky Infinity Pool, Zen Wellness Studio gym, Lumina Dining restaurant, parking, and complimentary WiFi."
room price today,price,Room prices vary depending on room type and dates. Standard rooms are usually the most affordable.
how to book tonight,reservation,"To reserve a room: sign in, open the Rooms page, choose your room and dates, then confirm the reservation."
pde tell me room options tonight,rooms,"Aurora offers Standard, Deluxe, Suite, Villa, and Cabin accommodations."
can i book now,reservation,"To reserve a room: sign in, open the Rooms page, choose your room and dates, then confirm the reservation."
aurora hi aurora,greeting,"Hello! Welcome to Aurora. I can help with rooms, amenities, prices, or reservations."
pwede gym available today,amenities,"Aurora amenities include Sky Infinity Pool, Zen Wellness Studio gym, Lumina Dining restaurant, parking, and complimentary WiFi."
can you near airport,location,"For the exact address and directions, please check the Aurora website location page or contact the front desk."
please is pool free,amenities,"Aurora amenities include Sky Infinity Pool, Zen Wellness Studio gym, Lumina Dining restaurant, parking, and complimentary WiFi."
facilities list tonight,amenities,"Aurora amenities include Sky Infinity Pool, Zen Wellness Studio gym, Lumina Dining restaurant, parking, and complimentary WiFi."
aurora recommend good room po,recommendation,"Tell me the number of guests, nights, and your budget so I can recommend the best room option."
hello aurora yo aurora po,greeting,"Hello! Welcome to Aurora. I can help with rooms, amenities, prices, or reservations."
extra bed request po,policy,Policies depend on availability and room type. Please confirm specific requests with the front desk.
pde pwede mag book please,reservation,"To reserve a room: sign in, open the Rooms page, choose your room and dates, then confirm the reservation."
hey aurora ano mga room types today,rooms,"Aurora offers Standard, Deluxe, Suite, Villa, and Cabin accommodations."
hey aurora how to get there tonight,location,"For the exact address and directions, please check the Aurora website location page or contact the front desk."
please prce room lang,price,Room prices vary depending on room type and dates. Standard rooms are usually the most affordable.
hello aurora do you have gym,amenities,"Aurora amenities include Sky Infinity Pool, Zen Wellness Studio gym, Lumina Dining restaurant, parking, and complimentary WiFi."
pet policy lang,policy,Policies depend on availability and room type. Please confirm specific requests with the front desk.
pwede room list please ngayon,rooms,"Aurora offers Standard, Deluxe, Suite, Villa, and Cabin accommodations."
do you have pool today,amenities,"Aurora amenities include Sky Infinity Pool, Zen Wellness Studio gym, Lumina Dining restaurant, parking, and complimentary WiFi."
pls magkano room tomorrow,price,Room prices vary depending on room type and dates. Standard rooms are usually the most affordable.
recommend good room,recommendation,"Tell me the number of guests, nights, and your budget so I can recommend the best room option."
pwede is pool free,amenities,"Aurora amenities include Sky Infinity Pool, Zen Wellness Studio gym, Lumina Dining restaurant, parking, and complimentary WiFi."
pwede map location please,location,"For the exact address and directions, please check the Aurora website location page or contact the front desk."
aurora deluxe price tomorrow,price,Room prices vary depending on room type and dates. Standard rooms are usually the most affordable.
please budget room po,price,Room prices vary depending on room type and dates. Standard rooms are usually the most affordable.
room for family today,recommendation,"Tell me the number of guests, nights, and your budget so I can recommend the best room option."
book tonight today,reservation,"To reserve a room: sign in, open the Rooms page, choose your room and dates, then confirm the reservation."
deluxe price today,price,Room prices vary depending on room type and dates. Standard rooms are usually the most affordable.
pwede kumusta please,greeting,"Hello! Welcome to Aurora. I can help with rooms, amenities, prices, or reservations."
hello aurora may wifi ba,amenities,"Aurora amenities include Sky Infinity Pool, Zen Wellness Studio gym, Lumina Dining restaurant, parking, and complimentary WiFi."
pde good afternoon po,greeting,"Hello! Welcome to Aurora. I can help with rooms, amenities, prices, or reservations."
aurora price per night please,price,Room prices vary depending on room type and dates. Standard rooms are usually the most affordable.
hello aurora kumusta tomorrow,greeting,"Hello! Welcome to Aurora. I can help with rooms, amenities, prices, or reservations."
please hi ngayon,greeting,"Hello! Welcome to Aurora. I can help with rooms, amenities, prices, or reservations."
hey aurora good evening today,greeting,"Hello! Welcome to Aurora. I can help with rooms, amenities, prices, or reservations."
hey aurora suite price tonight,price,Room prices vary depending on room type and dates. Standard rooms are usually the most affordable.
pde may cabin ba pls,rooms,"Aurora offers Standard, Deluxe, Suite, Villa, and Cabin accommodations."
pls pet policy po,policy,Policies depend on availability and room type. Please confirm specific requests with the front desk.
pls can i check in early,policy,Policies depend on availability and room type. Please confirm specific requests with the front desk.
please where is aurora today,location,"For the exact address and directions, please check the Aurora website location page or contact the front desk."
hello aurora hello again,greeting,"Hello! Welcome to Aurora. I can help with rooms, amenities, prices, or reservations."
please random question pls,fallback,"I might not have the exact answer for that, but I can help with rooms, amenities, prices, or reservations."
location of hotel tonight,location,"For the exact address and directions, please check the Aurora website location page or contact the front desk."
pwede pwede mag book tonight,reservation,"To reserve a room: sign in, open the Rooms page, choose your room and dates, then confirm the reservation."
pde reserve tomorrow tonight,reservation,"To reserve a room: sign in, open the Rooms page, choose your room and dates, then confirm the reservation."
pwede price ng room,price,Room prices vary depending on room type and dates. Standard rooms are usually the most affordable.
please price ng room tonight,price,Room prices vary depending on room type and dates. Standard rooms are usually the most affordable.
hey aurora parking available today,amenities,"Aurora amenities include Sky Infinity Pool, Zen Wellness Studio gym, Lumina Dining restaurant, parking, and complimentary WiFi."
pde what if aliens visit lang,fallback,"I might not have the exact answer for that, but I can help with rooms, amenities, prices, or reservations."
may wifi ba today,amenities,"Aurora amenities include Sky Infinity Pool, Zen Wellness Studio gym, Lumina Dining restaurant, parking, and complimentary WiFi."
hello aurora good day today,greeting,"Hello! Welcome to Aurora. I can help with rooms, amenities, prices, or reservations."
please amenities list tonight,amenities,"Aurora amenities include Sky Infinity Pool, Zen Wellness Studio gym, Lumina Dining restaurant, parking, and complimentary WiFi."
aurora may pool ba,amenities,"Aurora amenities include Sky Infinity Pool, Zen Wellness Studio gym, Lumina Dining restaurant, parking, and complimentary WiFi."
hello aurora how to get there pls,location,"For the exact address and directions, please check the Aurora website location page or contact the front desk."
pde reserve room lang,reservation,"To reserve a room: sign in, open the Rooms page, choose your room and dates, then confirm the reservation."
can you good day please,greeting,"Hello! Welcome to Aurora. I can help with rooms, amenities, prices, or reservations."
pwede location of hotel lang,location,"For the exact address and directions, please check the Aurora website location page or contact the front desk."
hello aurora hello tonight,greeting,"Hello! Welcome to Aurora. I can help with rooms, amenities, prices, or reservations."
please do you like pizza today,fallback,"I might not have the exact answer for that, but I can help with rooms, amenities, prices, or reservations."
hello aurora what amenities ngayon,amenities,"Aurora amenities include Sky Infinity Pool, Zen Wellness Studio gym, Lumina Dining restaurant, parking, and complimentary WiFi."
pwede near airport,location,"For the exact address and directions, please check the Aurora website location page or contact the front desk."
can you is pool free ngayon,amenities,"Aurora amenities include Sky Infinity Pool, Zen Wellness Studio gym, Lumina Dining restaurant, parking, and complimentary WiFi."
pde wifi details lang,amenities,"Aurora amenities include Sky Infinity Pool, Zen Wellness Studio gym, Lumina Dining restaurant, parking, and complimentary WiFi."
may pool ba,amenities,"Aurora amenities include Sky Infinity Pool, Zen Wellness Studio gym, Lumina Dining restaurant, parking, and complimentary WiFi."
hello aurora location of hotel lang,location,"For the exact address and directions, please check the Aurora website location page or contact the front desk."
pls rooom types po,rooms,"Aurora offers Standard, Deluxe, Suite, Villa, and Cabin accommodations."
hello,greeting,"Hello! Welcome to Aurora. I can help with rooms, amenities, prices, or reservations."
pet policy tomorrow,policy,Policies depend on availability and room type. Please confirm specific requests with the front desk.
pool details po,amenities,"Aurora amenities include Sky Infinity Pool, Zen Wellness Studio gym, Lumina Dining restaurant, parking, and complimentary WiFi."
please good morning tomorrow,greeting,"Hello! Welcome to Aurora. I can help with rooms, amenities, prices, or reservations."
please hi aurora tonight,greeting,"Hello! Welcome to Aurora. I can help with rooms, amenities, prices, or reservations."
hello aurora amenities list pls,amenities,"Aurora amenities include Sky Infinity Pool, Zen Wellness Studio gym, Lumina Dining restaurant, parking, and complimentary WiFi."
can you magkano deluxe tomorrow,price,Room prices vary depending on room type and dates. Standard rooms are usually the most affordable.
hello aurora extra bed request pls,policy,Policies depend on availability and room type. Please confirm specific requests with the front desk.
hey aurora cheap room suggestion please,recommendation,"Tell me the number of guests, nights, and your budget so I can recommend the best room option."
hello aurora magkano deluxe please,price,Room prices vary depending on room type and dates. Standard rooms are usually the most affordable.
hello aurora what if aliens visit ngayon,fallback,"I might not have the exact answer for that, but I can help with rooms, amenities, prices, or reservations."
list rooms available tomorrow,rooms,"Aurora offers Standard, Deluxe, Suite, Villa, and Cabin accommodations."
best room for couple please,recommendation,"Tell me the number of guests, nights, and your budget so I can recommend the best room option."
can you budget room ngayon,price,Room prices vary depending on room type and dates. Standard rooms are usually the most affordable.
hey aurora yo aurora ngayon,greeting,"Hello! Welcome to Aurora. I can help with rooms, amenities, prices, or reservations."
pwede ano mga room types today,rooms,"Aurora offers Standard, Deluxe, Suite, Villa, and Cabin accommodations."
pls where is aurora,location,"For the exact address and directions, please check the Aurora website location page or contact the front desk."
hey aurora hello again ngayon,greeting,"Hello! Welcome to Aurora. I can help with rooms, amenities, prices, or reservations."
balcony request ngayon,policy,Policies depend on availability and room type. Please confirm specific requests with the front desk.
aurora amenities list tomorrow,amenities,"Aurora amenities include Sky Infinity Pool, Zen Wellness Studio gym, Lumina Dining restaurant, parking, and complimentary WiFi."
sup aurora lang,greeting,"Hello! Welcome to Aurora. I can help with rooms, amenities, prices, or reservations."
hello aurora best room for couple lang,recommendation,"Tell me the number of guests, nights, and your budget so I can recommend the best room option."
hello aurora magkano per night please,price,Room prices vary depending on room type and dates. Standard rooms are usually the most affordable.
pwede may cabin ba lang,rooms,"Aurora offers Standard, Deluxe, Suite, Villa, and Cabin accommodations."
what amenities tonight,amenities,"Aurora amenities include Sky Infinity Pool, Zen Wellness Studio gym, Lumina Dining restaurant, parking, and complimentary WiFi."
pwede kamusta,greeting,"Hello! Welcome to Aurora. I can help with rooms, amenities, prices, or reservations."
pde near airport please,location,"For the exact address and directions, please check the Aurora website location page or contact the front desk."
aurora distance city lang,location,"For the exact address and directions, please check the Aurora website location page or contact the front desk."
pwede balcony request,policy,Policies depend on availability and room type. Please confirm specific requests with the front desk.
pls where is aurora ngayon,location,"For the exact address and directions, please check the Aurora website location page or contact the front desk."
pwede hello there tomorrow,greeting,"Hello! Welcome to Aurora. I can help with rooms, amenities, prices, or reservations."
please may cabin ba lang,rooms,"Aurora offers Standard, Deluxe, Suite, Villa, and Cabin accommodations."
pls location of hotel tonight,location,"For the exact address and directions, please check the Aurora website location page or contact the front desk."
pls how to book tomorrow,reservation,"To reserve a room: sign in, open the Rooms page, choose your room and dates, then confirm the reservation."
pwede hm room pls,price,Room prices vary depending on room type and dates. Standard rooms are usually the most affordable.
pde balcony request lang,policy,Policies depend on availability and room type. Please confirm specific requests with the front desk.
aurora random question lang,fallback,"I might not have the exact answer for that, but I can help with rooms, amenities, prices, or reservations."
pls price per night tomorrow,price,Room prices vary depending on room type and dates. Standard rooms are usually the most affordable.
kumusta tonight,greeting,"Hello! Welcome to Aurora. I can help with rooms, amenities, prices, or reservations."
please ano ibig sabihin lang,fallback,"I might not have the exact answer for that, but I can help with rooms, amenities, prices, or reservations."
please good afternoon,greeting,"Hello! Welcome to Aurora. I can help with rooms, amenities, prices, or reservations."
pde deluxe price tonight,price,Room prices vary depending on room type and dates. Standard rooms are usually the most affordable.
pde hi assistant lang,greeting,"Hello! Welcome to Aurora. I can help with rooms, amenities, prices, or reservations."
please what rooms do you have ngayon,rooms,"Aurora offers Standard, Deluxe, Suite, Villa, and Cabin accommodations."
cheapest room tonight,price,Room prices vary depending on room type and dates. Standard rooms are usually the most affordable.
aurora balcony request today,policy,Policies depend on availability and room type. Please confirm specific requests with the front desk.
hello aurora blah blah lang,fallback,"I might not have the exact answer for that, but I can help with rooms, amenities, prices, or reservations."
pde map location tomorrow,location,"For the exact address and directions, please check the Aurora website location page or contact the front desk."
hotel location ngayon,location,"For the exact address and directions, please check the Aurora website location page or contact the front desk."
pls facilities list tomorrow,amenities,"Aurora amenities include Sky Infinity Pool, Zen Wellness Studio gym, Lumina Dining restaurant, parking, and complimentary WiFi."
hey aurora budget room,price,Room prices vary depending on room type and dates. Standard rooms are usually the most affordable.
please show me rooms ngayon,rooms,"Aurora offers Standard, Deluxe, Suite, Villa, and Cabin accommodations."
hello aurora cheap room suggestion pls,recommendation,"Tell me the number of guests, nights, and your budget so I can recommend the best room option."
please hm room today,price,Room prices vary depending on room type and dates. Standard rooms are usually the most affordable.
can you ano mga room types,rooms,"Aurora offers Standard, Deluxe, Suite, Villa, and Cabin accommodations."
hello aurora gym available po,amenities,"Aurora amenities include Sky Infinity Pool, Zen Wellness Studio gym, Lumina Dining restaurant, parking, and complimentary WiFi."
hello aurora best room for couple,recommendation,"Tell me the number of guests, nights, and your budget so I can recommend the best room option."
can you extra bed request please,policy,Policies depend on availability and room type. Please confirm specific requests with the front desk.
pde pwede mag book today,reservation,"To reserve a room: sign in, open the Rooms page, choose your room and dates, then confirm the reservation."
pwede recommend good room lang,recommendation,"Tell me the number of guests, nights, and your budget so I can recommend the best room option."
pet policy today,policy,Policies depend on availability and room type. Please confirm specific requests with the front desk.
hello aurora is pool free ngayon,amenities,"Aurora amenities include Sky Infinity Pool, Zen Wellness Studio gym, Lumina Dining restaurant, parking, and complimentary WiFi."
pde pet policy tomorrow,policy,Policies depend on availability and room type. Please confirm specific requests with the front desk.
pde ano ibig sabihin lang,fallback,"I might not have the exact answer for that, but I can help with rooms, amenities, prices, or reservations."
pls hi aurora,greeting,"Hello! Welcome to Aurora. I can help with rooms, amenities, prices, or reservations."
please hey aurora,greeting,"Hello! Welcome to Aurora. I can help with rooms, amenities, prices, or reservations."
hello aurora facilities list lang,amenities,"Aurora amenities include Sky Infinity Pool, Zen Wellness Studio gym, Lumina Dining restaurant, parking, and complimentary WiFi."
aurora parking available po,amenities,"Aurora amenities include Sky Infinity Pool, Zen Wellness Studio gym, Lumina Dining restaurant, parking, and complimentary WiFi."
please amenities list tonight,amenities,"Aurora amenities include Sky Infinity Pool, Zen Wellness Studio gym, Lumina Dining restaurant, parking, and complimentary WiFi."
pwede hey,greeting,"Hello! Welcome to Aurora. I can help with rooms, amenities, prices, or reservations."
magkano room please,price,Room prices vary depending on room type and dates. Standard rooms are usually the most affordable.
pwede facilities list please,amenities,"Aurora amenities include Sky Infinity Pool, Zen Wellness Studio gym, Lumina Dining restaurant, parking, and complimentary WiFi."
pwede how to book today,reservation,"To reserve a room: sign in, open the Rooms page, choose your room and dates, then confirm the reservation."
pls what kind of rooms tonight,rooms,"Aurora offers Standard, Deluxe, Suite, Villa, and Cabin accommodations."
pls suggest best room pls,recommendation,"Tell me the number of guests, nights, and your budget so I can recommend the best room option."
pls cheap room option,price,Room prices vary depending on room type and dates. Standard rooms are usually the most affordable.
hello aurora book tonight ngayon,reservation,"To reserve a room: sign in, open the Rooms page, choose your room and dates, then confirm the reservation."
is pool free lang,amenities,"Aurora amenities include Sky Infinity Pool, Zen Wellness Studio gym, Lumina Dining restaurant, parking, and complimentary WiFi."
best room for couple tomorrow,recommendation,"Tell me the number of guests, nights, and your budget so I can recommend the best room option."
can you may pool ba,amenities,"Aurora amenities include Sky Infinity Pool, Zen Wellness Studio gym, Lumina Dining restaurant, parking, and complimentary WiFi."
pls facilities list pls,amenities,"Aurora amenities include Sky Infinity Pool, Zen Wellness Studio gym, Lumina Dining restaurant, parking, and complimentary WiFi."
can you do you like pizza tomorrow,fallback,"I might not have the exact answer for that, but I can help with rooms, amenities, prices, or reservations."
hello aurora best room for couple ngayon,recommendation,"Tell me the number of guests, nights, and your budget so I can recommend the best room option."
aurora recommend under budget ngayon,recommendation,"Tell me the number of guests, nights, and your budget so I can recommend the best room option."
what if aliens visit pls,fallback,"I might not have the exact answer for that, but I can help with rooms, amenities, prices, or reservations."
aurora recommend under budget lang,recommendation,"Tell me the number of guests, nights, and your budget so I can recommend the best room option."
hello aurora what rooms do you have,rooms,"Aurora offers Standard, Deluxe, Suite, Villa, and Cabin accommodations."
pwede hello please,greeting,"Hello! Welcome to Aurora. I can help with rooms, amenities, prices, or reservations."
pde check in time po,policy,Policies depend on availability and room type. Please confirm specific requests with the front desk.
hey aurora distance city tonight,location,"For the exact address and directions, please check the Aurora website location page or contact the front desk."
hey aurora best room for couple today,recommendation,"Tell me the number of guests, nights, and your budget so I can recommend the best room option."
tell me room options pls,rooms,"Aurora offers Standard, Deluxe, Suite, Villa, and Cabin accommodations."
please facilities list po,amenities,"Aurora amenities include Sky Infinity Pool, Zen Wellness Studio gym, Lumina Dining restaurant, parking, and complimentary WiFi."
pde facilities list ngayon,amenities,"Aurora amenities include Sky Infinity Pool, Zen Wellness Studio gym, Lumina Dining restaurant, parking, and complimentary WiFi."
hello aurora how do i reserve please,reservation,"To reserve a room: sign in, open the Rooms page, choose your room and dates, then confirm the reservation."
map location,location,"For the exact address and directions, please check the Aurora website location page or contact the front desk."
list rooms available ngayon,rooms,"Aurora offers Standard, Deluxe, Suite, Villa, and Cabin accommodations."
hey aurora hello po,greeting,"Hello! Welcome to Aurora. I can help with rooms, amenities, prices, or reservations."
can you magkano room tonight,price,Room prices vary depending on room type and dates. Standard rooms are usually the most affordable.
aurora what rooms do you have please,rooms,"Aurora offers Standard, Deluxe, Suite, Villa, and Cabin accommodations."
pde hi po please,greeting,"Hello! Welcome to Aurora. I can help with rooms, amenities, prices, or reservations."
pwede do you have gym,amenities,"Aurora amenities include Sky Infinity Pool, Zen Wellness Studio gym, Lumina Dining restaurant, parking, and complimentary WiFi."
please location of hotel ngayon,location,"For the exact address and directions, please check the Aurora website location page or contact the front desk."
can you address ngayon,location,"For the exact address and directions, please check the Aurora website location page or contact the front desk."
hello there tomorrow,greeting,"Hello! Welcome to Aurora. I can help with rooms, amenities, prices, or reservations."
hey aurora do you like pizza,fallback,"I might not have the exact answer for that, but I can help with rooms, amenities, prices, or reservations."
hey aurora deluxe price please,price,Room prices vary depending on room type and dates. Standard rooms are usually the most affordable.
hello aurora how to get there,location,"For the exact address and directions, please check the Aurora website location page or contact the front desk."
hello aurora is pool free lang,amenities,"Aurora amenities include Sky Infinity Pool, Zen Wellness Studio gym, Lumina Dining restaurant, parking, and complimentary WiFi."
deluxe price please,price,Room prices vary depending on room type and dates. Standard rooms are usually the most affordable.
pwede reserve tomorrow today,reservation,"To reserve a room: sign in, open the Rooms page, choose your room and dates, then confirm the reservation."
pwede reserve tomorrow lang,reservation,"To reserve a room: sign in, open the Rooms page, choose your room and dates, then confirm the reservation."
aurora hey,greeting,"Hello! Welcome to Aurora. I can help with rooms, amenities, prices, or reservations."
aurora reserve tomorrow please,reservation,"To reserve a room: sign in, open the Rooms page, choose your room and dates, then confirm the reservation."
please check out time,policy,Policies depend on availability and room type. Please confirm specific requests with the front desk.
reserve room tomorrow,reservation,"To reserve a room: sign in, open the Rooms page, choose your room and dates, then confirm the reservation."
pde blah blah tonight,fallback,"I might not have the exact answer for that, but I can help with rooms, amenities, prices, or reservations."
suggest room tomorrow,recommendation,"Tell me the number of guests, nights, and your budget so I can recommend the best room option."
hey aurora what rooms do you have please,rooms,"Aurora offers Standard, Deluxe, Suite, Villa, and Cabin accommodations."
pde help booking tonight,reservation,"To reserve a room: sign in, open the Rooms page, choose your room and dates, then confirm the reservation."
pde rooom types,rooms,"Aurora offers Standard, Deluxe, Suite, Villa, and Cabin accommodations."
pde room for family pls,recommendation,"Tell me the number of guests, nights, and your budget so I can recommend the best room option."
pwede mag book,reservation,"To reserve a room: sign in, open the Rooms page, choose your room and dates, then confirm the reservation."
can you good morning,greeting,"Hello! Welcome to Aurora. I can help with rooms, amenities, prices, or reservations."
pde check out time pls,policy,Policies depend on availability and room type. Please confirm specific requests with the front desk.
hey aurora room types,rooms,"Aurora offers Standard, Deluxe, Suite, Villa, and Cabin accommodations."
pwede cheap room option po,price,Room prices vary depending on room type and dates. Standard rooms are usually the most affordable.
something random pls,fallback,"I might not have the exact answer for that, but I can help with rooms, amenities, prices, or reservations."
check in time,policy,Policies depend on availability and room type. Please confirm specific requests with the front desk.
aurora tell me room options lang,rooms,"Aurora offers Standard, Deluxe, Suite, Villa, and Cabin accommodations."
hey aurora good afternoon pls,greeting,"Hello! Welcome to Aurora. I can help with rooms, amenities, prices, or reservations."
aurora suggest best room lang,recommendation,"Tell me the number of guests, nights, and your budget so I can recommend the best room option."
pde blah blah,fallback,"I might not have the exact answer for that, but I can help with rooms, amenities, prices, or reservations."
hey aurora what kind of rooms lang,rooms,"Aurora offers Standard, Deluxe, Suite, Villa, and Cabin accommodations."
hello aurora kamusta tomorrow,greeting,"Hello! Welcome to Aurora. I can help with rooms, amenities, prices, or reservations."
pde available rooms pls,rooms,"Aurora offers Standard, Deluxe, Suite, Villa, and Cabin accommodations."
pde hey aurora tomorrow,greeting,"Hello! Welcome to Aurora. I can help with rooms, amenities, prices, or reservations."
hey aurora reserve room today,reservation,"To reserve a room: sign in, open the Rooms page, choose your room and dates, then confirm the reservation."
aurora is pool free tonight,amenities,"Aurora amenities include Sky Infinity Pool, Zen Wellness Studio gym, Lumina Dining restaurant, parking, and complimentary WiFi."
good afternoon po,greeting,"Hello! Welcome to Aurora. I can help with rooms, amenities, prices, or reservations."
please suite price tonight,price,Room prices vary depending on room type and dates. Standard rooms are usually the most affordable.
hey aurora hi aurora tomorrow,greeting,"Hello! Welcome to Aurora. I can help with rooms, amenities, prices, or reservations."
good morning pls,greeting,"Hello! Welcome to Aurora. I can help with rooms, amenities, prices, or reservations."
can you show me rooms lang,rooms,"Aurora offers Standard, Deluxe, Suite, Villa, and Cabin accommodations."
rooom types po,rooms,"Aurora offers Standard, Deluxe, Suite, Villa, and Cabin accommodations."
pwede deluxe price,price,Room prices vary depending on room type and dates. Standard rooms are usually the most affordable.
pls reserve tomorrow lang,reservation,"To reserve a room: sign in, open the Rooms page, choose your room and dates, then confirm the reservation."
please wifi details ngayon,amenities,"Aurora amenities include Sky Infinity Pool, Zen Wellness Studio gym, Lumina Dining restaurant, parking, and complimentary WiFi."
please hello,greeting,"Hello! Welcome to Aurora. I can help with rooms, amenities, prices, or reservations."
pde what if aliens visit pls,fallback,"I might not have the exact answer for that, but I can help with rooms, amenities, prices, or reservations."
please hello there ngayon,greeting,"Hello! Welcome to Aurora. I can help with rooms, amenities, prices, or reservations."
aurora what amenities please,amenities,"Aurora amenities include Sky Infinity Pool, Zen Wellness Studio gym, Lumina Dining restaurant, parking, and complimentary WiFi."
pde may pool ba,amenities,"Aurora amenities include Sky Infinity Pool, Zen Wellness Studio gym, Lumina Dining restaurant, parking, and complimentary WiFi."
pde what if aliens visit tomorrow,fallback,"I might not have the exact answer for that, but I can help with rooms, amenities, prices, or reservations."
hello aurora i dont understand,fallback,"I might not have the exact answer for that, but I can help with rooms, amenities, prices, or reservations."
hey aurora kids allowed tonight,policy,Policies depend on availability and room type. Please confirm specific requests with the front desk.
please deluxe price,price,Room prices vary depending on room type and dates. Standard rooms are usually the most affordable.
pls hi aurora,greeting,"Hello! Welcome to Aurora. I can help with rooms, amenities, prices, or reservations."
hey aurora good day lang,greeting,"Hello! Welcome to Aurora. I can help with rooms, amenities, prices, or reservations."
can you yo aurora tomorrow,greeting,"Hello! Welcome to Aurora. I can help with rooms, amenities, prices, or reservations."
hey tonight,greeting,"Hello! Welcome to Aurora. I can help with rooms, amenities, prices, or reservations."
can you cheap room suggestion tomorrow,recommendation,"Tell me the number of guests, nights, and your budget so I can recommend the best room option."
pls something random tonight,fallback,"I might not have the exact answer for that, but I can help with rooms, amenities, prices, or reservations."
hey aurora pwede mag book ngayon,reservation,"To reserve a room: sign in, open the Rooms page, choose your room and dates, then confirm the reservation."
pde what if aliens visit today,fallback,"I might not have the exact answer for that, but I can help with rooms, amenities, prices, or reservations."
magkano deluxe,price,Room prices vary depending on room type and dates. Standard rooms are usually the most affordable.
please cheap room option,price,Room prices vary depending on room type and dates. Standard rooms are usually the most affordable.
pls hotel policy please,policy,Policies depend on availability and room type. Please confirm specific requests with the front desk.
magkano per night tomorrow,price,Room prices vary depending on room type and dates. Standard rooms are usually the most affordable.
aurora hi po tomorrow,greeting,"Hello! Welcome to Aurora. I can help with rooms, amenities, prices, or reservations."
do you have pool tonight,amenities,"Aurora amenities include Sky Infinity Pool, Zen Wellness Studio gym, Lumina Dining restaurant, parking, and complimentary WiFi."
aurora blah blah po,fallback,"I might not have the exact answer for that, but I can help with rooms, amenities, prices, or reservations."
hey aurora recommend under budget ngayon,recommendation,"Tell me the number of guests, nights, and your budget so I can recommend the best room option."
hey aurora hello again tonight,greeting,"Hello! Welcome to Aurora. I can help with rooms, amenities, prices, or reservations."
yo aurora tomorrow,greeting,"Hello! Welcome to Aurora. I can help with rooms, amenities, prices, or reservations."
hey aurora random question tomorrow,fallback,"I might not have the exact answer for that, but I can help with rooms, amenities, prices, or reservations."
kumusta,greeting,"Hello! Welcome to Aurora. I can help with rooms, amenities, prices, or reservations."
hello aurora room suggestion please,recommendation,"Tell me the number of guests, nights, and your budget so I can recommend the best room option."
distance city po,location,"For the exact address and directions, please check the Aurora website location page or contact the front desk."
please room price today,price,Room prices vary depending on room type and dates. Standard rooms are usually the most affordable.
pls map location tonight,location,"For the exact address and directions, please check the Aurora website location page or contact the front desk."
hello aurora room preference please,policy,Policies depend on availability and room type. Please confirm specific requests with the front desk.
pls kumusta today,greeting,"Hello! Welcome to Aurora. I can help with rooms, amenities, prices, or reservations."
hey aurora ano mga room types pls,rooms,"Aurora offers Standard, Deluxe, Suite, Villa, and Cabin accommodations."
booking steps tomorrow,reservation,"To reserve a room: sign in, open the Rooms page, choose your room and dates, then confirm the reservation."
can you rooom price tonight,price,Room prices vary depending on room type and dates. Standard rooms are usually the most affordable.
hey aurora where is aurora tonight,location,"For the exact address and directions, please check the Aurora website location page or contact the front desk."
hello aurora late checkout tonight,policy,Policies depend on availability and room type. Please confirm specific requests with the front desk.
hey aurora kamusta lang,greeting,"Hello! Welcome to Aurora. I can help with rooms, amenities, prices, or reservations."
hello aurora how to book tonight,reservation,"To reserve a room: sign in, open the Rooms page, choose your room and dates, then confirm the reservation."
please hi pls,greeting,"Hello! Welcome to Aurora. I can help with rooms, amenities, prices, or reservations."
pwede is pool free po,amenities,"Aurora amenities include Sky Infinity Pool, Zen Wellness Studio gym, Lumina Dining restaurant, parking, and complimentary WiFi."
pls something random pls,fallback,"I might not have the exact answer for that, but I can help with rooms, amenities, prices, or reservations."
please suite price lang,price,Room prices vary depending on room type and dates. Standard rooms are usually the most affordable.
room types po,rooms,"Aurora offers Standard, Deluxe, Suite, Villa, and Cabin accommodations."
do you have pool po,amenities,"Aurora amenities include Sky Infinity Pool, Zen Wellness Studio gym, Lumina Dining restaurant, parking, and complimentary WiFi."
can you hey aurora ngayon,greeting,"Hello! Welcome to Aurora. I can help with rooms, amenities, prices, or reservations."
good evening tomorrow,greeting,"Hello! Welcome to Aurora. I can help with rooms, amenities, prices, or reservations."
please good morning tomorrow,greeting,"Hello! Welcome to Aurora. I can help with rooms, amenities, prices, or reservations."
please hello tomorrow,greeting,"Hello! Welcome to Aurora. I can help with rooms, amenities, prices, or reservations."
pwede paano mag reserve lang,reservation,"To reserve a room: sign in, open the Rooms page, choose your room and dates, then confirm the reservation."
pwede reserve tomorrow please,reservation,"To reserve a room: sign in, open the Rooms page, choose your room and dates, then confirm the reservation."
room for family pls,recommendation,"Tell me the number of guests, nights, and your budget so I can recommend the best room option."
hello aurora i dont understand tonight,fallback,"I might not have the exact answer for that, but I can help with rooms, amenities, prices, or reservations."
aurora booking steps tomorrow,reservation,"To reserve a room: sign in, open the Rooms page, choose your room and dates, then confirm the reservation."
please reserve room now ngayon,reservation,"To reserve a room: sign in, open the Rooms page, choose your room and dates, then confirm the reservation."
hello aurora random question pls,fallback,"I might not have the exact answer for that, but I can help with rooms, amenities, prices, or reservations."
can you list rooms available today,rooms,"Aurora offers Standard, Deluxe, Suite, Villa, and Cabin accommodations."
hello there ngayon,greeting,"Hello! Welcome to Aurora. I can help with rooms, amenities, prices, or reservations."
how to book po,reservation,"To reserve a room: sign in, open the Rooms page, choose your room and dates, then confirm the reservation."
hello aurora may rooms ba kayo ngayon,rooms,"Aurora offers Standard, Deluxe, Suite, Villa, and Cabin accommodations."
hello aurora best room for couple today,recommendation,"Tell me the number of guests, nights, and your budget so I can recommend the best room option."
hi ngayon,greeting,"Hello! Welcome to Aurora. I can help with rooms, amenities, prices, or reservations."
magkano deluxe pls,price,Room prices vary depending on room type and dates. Standard rooms are usually the most affordable.
what rooms do you have,rooms,"Aurora offers Standard, Deluxe, Suite, Villa, and Cabin accommodations."
hey aurora blah blah,fallback,"I might not have the exact answer for that, but I can help with rooms, amenities, prices, or reservations."
hey aurora cheapest room lang,price,Room prices vary depending on room type and dates. Standard rooms are usually the most affordable.
pwede near airport today,location,"For the exact address and directions, please check the Aurora website location page or contact the front desk."
please pwede mag book please,reservation,"To reserve a room: sign in, open the Rooms page, choose your room and dates, then confirm the reservation."
please do you like pizza lang,fallback,"I might not have the exact answer for that, but I can help with rooms, amenities, prices, or reservations."
pde amenities list,amenities,"Aurora amenities include Sky Infinity Pool, Zen Wellness Studio gym, Lumina Dining restaurant, parking, and complimentary WiFi."
pwede room preference po,policy,Policies depend on availability and room type. Please confirm specific requests with the front desk.
can you kumusta please,greeting,"Hello! Welcome to Aurora. I can help with rooms, amenities, prices, or reservations."
room types ngayon,rooms,"Aurora offers Standard, Deluxe, Suite, Villa, and Cabin accommodations."
pde pet policy ngayon,policy,Policies depend on availability and room type. Please confirm specific requests with the front desk.
pwede good day pls,greeting,"Hello! Welcome to Aurora. I can help with rooms, amenities, prices, or reservations."
hello aurora check out time today,policy,Policies depend on availability and room type. Please confirm specific requests with the front desk.
can i check in early po,policy,Policies depend on availability and room type. Please confirm specific requests with the front desk.
hello aurora how much is room today,price,Room prices vary depending on room type and dates. Standard rooms are usually the most affordable.
hello aurora suggest best room lang,recommendation,"Tell me the number of guests, nights, and your budget so I can recommend the best room option."
hello aurora hotel policy tomorrow,policy,Policies depend on availability and room type. Please confirm specific requests with the front desk.
pls booking steps tonight,reservation,"To reserve a room: sign in, open the Rooms page, choose your room and dates, then confirm the reservation."
pde amenities list tomorrow,amenities,"Aurora amenities include Sky Infinity Pool, Zen Wellness Studio gym, Lumina Dining restaurant, parking, and complimentary WiFi."
pwede extra bed request today,policy,Policies depend on availability and room type. Please confirm specific requests with the front desk.
facilities list po,amenities,"Aurora amenities include Sky Infinity Pool, Zen Wellness Studio gym, Lumina Dining restaurant, parking, and complimentary WiFi."
hey aurora gym available pls,amenities,"Aurora amenities include Sky Infinity Pool, Zen Wellness Studio gym, Lumina Dining restaurant, parking, and complimentary WiFi."
do you have pool lang,amenities,"Aurora amenities include Sky Infinity Pool, Zen Wellness Studio gym, Lumina Dining restaurant, parking, and complimentary WiFi."
pwede wifi details po,amenities,"Aurora amenities include Sky Infinity Pool, Zen Wellness Studio gym, Lumina Dining restaurant, parking, and complimentary WiFi."
random question tonight,fallback,"I might not have the exact answer for that, but I can help with rooms, amenities, prices, or reservations."
please price ng room,price,Room prices vary depending on room type and dates. Standard rooms are usually the most affordable.
price ng room tonight,price,Room prices vary depending on room type and dates. Standard rooms are usually the most affordable.
aurora rooom types today,rooms,"Aurora offers Standard, Deluxe, Suite, Villa, and Cabin accommodations."
pwede room preference lang,policy,Policies depend on availability and room type. Please confirm specific requests with the front desk.
aurora suggest best room please,recommendation,"Tell me the number of guests, nights, and your budget so I can recommend the best room option."
hey aurora may rooms ba kayo tomorrow,rooms,"Aurora offers Standard, Deluxe, Suite, Villa, and Cabin accommodations."
pls restaurant available please,amenities,"Aurora amenities include Sky Infinity Pool, Zen Wellness Studio gym, Lumina Dining restaurant, parking, and complimentary WiFi."
can you may rooms ba kayo,rooms,"Aurora offers Standard, Deluxe, Suite, Villa, and Cabin accommodations."
hello aurora reserve room now po,reservation,"To reserve a room: sign in, open the Rooms page, choose your room and dates, then confirm the reservation."
pls may rooms ba kayo tonight,rooms,"Aurora offers Standard, Deluxe, Suite, Villa, and Cabin accommodations."
pls what rooms do you have,rooms,"Aurora offers Standard, Deluxe, Suite, Villa, and Cabin accommodations."
aurora facilities list please,amenities,"Aurora amenities include Sky Infinity Pool, Zen Wellness Studio gym, Lumina Dining restaurant, parking, and complimentary WiFi."
aurora parking available tonight,amenities,"Aurora amenities include Sky Infinity Pool, Zen Wellness Studio gym, Lumina Dining restaurant, parking, and complimentary WiFi."
please book tonight,reservation,"To reserve a room: sign in, open the Rooms page, choose your room and dates, then confirm the reservation."
pls book room po,reservation,"To reserve a room: sign in, open the Rooms page, choose your room and dates, then confirm the reservation."
please pool details,amenities,"Aurora amenities include Sky Infinity Pool, Zen Wellness Studio gym, Lumina Dining restaurant, parking, and complimentary WiFi."
pls suggest room tomorrow,recommendation,"Tell me the number of guests, nights, and your budget so I can recommend the best room option."
best room for couple ngayon,recommendation,"Tell me the number of guests, nights, and your budget so I can recommend the best room option."
pls book tonight tonight,reservation,"To reserve a room: sign in, open the Rooms page, choose your room and dates, then confirm the reservation."
aurora where is aurora po,location,"For the exact address and directions, please check the Aurora website location page or contact the front desk."
pls reserve room now tomorrow,reservation,"To reserve a room: sign in, open the Rooms page, choose your room and dates, then confirm the reservation."
near airport tomorrow,location,"For the exact address and directions, please check the Aurora website location page or contact the front desk."
please deluxe price,price,Room prices vary depending on room type and dates. Standard rooms are usually the most affordable.
show me rooms ngayon,rooms,"Aurora offers Standard, Deluxe, Suite, Villa, and Cabin accommodations."
what amenities lang,amenities,"Aurora amenities include Sky Infinity Pool, Zen Wellness Studio gym, Lumina Dining restaurant, parking, and complimentary WiFi."
available rooms tomorrow,rooms,"Aurora offers Standard, Deluxe, Suite, Villa, and Cabin accommodations."
pde price ng room tomorrow,price,Room prices vary depending on room type and dates. Standard rooms are usually the most affordable.
what amenities,amenities,"Aurora amenities include Sky Infinity Pool, Zen Wellness Studio gym, Lumina Dining restaurant, parking, and complimentary WiFi."
aurora room types tomorrow,rooms,"Aurora offers Standard, Deluxe, Suite, Villa, and Cabin accommodations."
can you may wifi ba,amenities,"Aurora amenities include Sky Infinity Pool, Zen Wellness Studio gym, Lumina Dining restaurant, parking, and complimentary WiFi."
pls hi po ngayon,greeting,"Hello! Welcome to Aurora. I can help with rooms, amenities, prices, or reservations."
hello aurora blah blah tonight,fallback,"I might not have the exact answer for that, but I can help with rooms, amenities, prices, or reservations."
what if aliens visit please,fallback,"I might not have the exact answer for that, but I can help with rooms, amenities, prices, or reservations."
can you book room tomorrow,reservation,"To reserve a room: sign in, open the Rooms page, choose your room and dates, then confirm the reservation."
pwede restaurant available ngayon,amenities,"Aurora amenities include Sky Infinity Pool, Zen Wellness Studio gym, Lumina Dining restaurant, parking, and complimentary WiFi."
aurora hello,greeting,"Hello! Welcome to Aurora. I can help with rooms, amenities, prices, or reservations."
room for 4 guests today,recommendation,"Tell me the number of guests, nights, and your budget so I can recommend the best room option."
pde price ng room pls,price,Room prices vary depending on room type and dates. Standard rooms are usually the most affordable.
magkano deluxe today,price,Room prices vary depending on room type and dates. Standard rooms are usually the most affordable.
pde what if aliens visit,fallback,"I might not have the exact answer for that, but I can help with rooms, amenities, prices, or reservations."
aurora good afternoon please,greeting,"Hello! Welcome to Aurora. I can help with rooms, amenities, prices, or reservations."
pwede price per night pls,price,Room prices vary depending on room type and dates. Standard rooms are usually the most affordable.
aurora hello po tonight,greeting,"Hello! Welcome to Aurora. I can help with rooms, amenities, prices, or reservations."
aurora what amenities lang,amenities,"Aurora amenities include Sky Infinity Pool, Zen Wellness Studio gym, Lumina Dining restaurant, parking, and complimentary WiFi."
hello aurora explain again please,fallback,"I might not have the exact answer for that, but I can help with rooms, amenities, prices, or reservations."
reserve room pls,reservation,"To reserve a room: sign in, open the Rooms page, choose your room and dates, then confirm the reservation."
pwede may cabin ba tonight,rooms,"Aurora offers Standard, Deluxe, Suite, Villa, and Cabin accommodations."
hello aurora suite price,price,Room prices vary depending on room type and dates. Standard rooms are usually the most affordable.
hello aurora may wifi ba tonight,amenities,"Aurora amenities include Sky Infinity Pool, Zen Wellness Studio gym, Lumina Dining restaurant, parking, and complimentary WiFi."
magkano deluxe lang,price,Room prices vary depending on room type and dates. Standard rooms are usually the most affordable.
aurora list rooms available tonight,rooms,"Aurora offers Standard, Deluxe, Suite, Villa, and Cabin accommodations."
hello aurora recommend room tonight,recommendation,"Tell me the number of guests, nights, and your budget so I can recommend the best room option."
pls hotel location,location,"For the exact address and directions, please check the Aurora website location page or contact the front desk."
hello aurora suite price ngayon,price,Room prices vary depending on room type and dates. Standard rooms are usually the most affordable.
facilities list today,amenities,"Aurora amenities include Sky Infinity Pool, Zen Wellness Studio gym, Lumina Dining restaurant, parking, and complimentary WiFi."
pls book tonight lang,reservation,"To reserve a room: sign in, open the Rooms page, choose your room and dates, then confirm the reservation."
room for 4 guests tonight,recommendation,"Tell me the number of guests, nights, and your budget so I can recommend the best room option."
distance city tonight,location,"For the exact address and directions, please check the Aurora website location page or contact the front desk."
pwede do you have pool tomorrow,amenities,"Aurora amenities include Sky Infinity Pool, Zen Wellness Studio gym, Lumina Dining restaurant, parking, and complimentary WiFi."
please facilities list lang,amenities,"Aurora amenities include Sky Infinity Pool, Zen Wellness Studio gym, Lumina Dining restaurant, parking, and complimentary WiFi."
hello aurora yo aurora,greeting,"Hello! Welcome to Aurora. I can help with rooms, amenities, prices, or reservations."
hey aurora kids allowed po,policy,Policies depend on availability and room type. Please confirm specific requests with the front desk.
please what rooms do you have,rooms,"Aurora offers Standard, Deluxe, Suite, Villa, and Cabin accommodations."
please magkano per night,price,Room prices vary depending on room type and dates. Standard rooms are usually the most affordable.
please show me rooms,rooms,"Aurora offers Standard, Deluxe, Suite, Villa, and Cabin accommodations."
hey aurora hey aurora today,greeting,"Hello! Welcome to Aurora. I can help with rooms, amenities, prices, or reservations."
pwede yo aurora tomorrow,greeting,"Hello! Welcome to Aurora. I can help with rooms, amenities, prices, or reservations."
pls recommend under budget ngayon,recommendation,"Tell me the number of guests, nights, and your budget so I can recommend the best room option."
pwede magkano deluxe,price,Room prices vary depending on room type and dates. Standard rooms are usually the most affordable.
do you have gym pls,amenities,"Aurora amenities include Sky Infinity Pool, Zen Wellness Studio gym, Lumina Dining restaurant, parking, and complimentary WiFi."
hello aurora how to get there po,location,"For the exact address and directions, please check the Aurora website location page or contact the front desk."
please tell me more pls,fallback,"I might not have the exact answer for that, but I can help with rooms, amenities, prices, or reservations."
hello aurora hm room,price,Room prices vary depending on room type and dates. Standard rooms are usually the most affordable.
pwede available rooms,rooms,"Aurora offers Standard, Deluxe, Suite, Villa, and Cabin accommodations."
pls yo aurora ngayon,greeting,"Hello! Welcome to Aurora. I can help with rooms, amenities, prices, or reservations."
hello aurora what amenities,amenities,"Aurora amenities include Sky Infinity Pool, Zen Wellness Studio gym, Lumina Dining restaurant, parking, and complimentary WiFi."
aurora room types today,rooms,"Aurora offers Standard, Deluxe, Suite, Villa, and Cabin accommodations."
please what amenities please,amenities,"Aurora amenities include Sky Infinity Pool, Zen Wellness Studio gym, Lumina Dining restaurant, parking, and complimentary WiFi."
can you address today,location,"For the exact address and directions, please check the Aurora website location page or contact the front desk."
good afternoon today,greeting,"Hello! Welcome to Aurora. I can help with rooms, amenities, prices, or reservations."
pls recommend room tonight,recommendation,"Tell me the number of guests, nights, and your budget so I can recommend the best room option."
please extra bed request ngayon,policy,Policies depend on availability and room type. Please confirm specific requests with the front desk.
hello aurora recommend room pls,recommendation,"Tell me the number of guests, nights, and your budget so I can recommend the best room option."
show me rooms lang,rooms,"Aurora offers Standard, Deluxe, Suite, Villa, and Cabin accommodations."
magkano deluxe,price,Room prices vary depending on room type and dates. Standard rooms are usually the most affordable.
available rooms tonight,rooms,"Aurora offers Standard, Deluxe, Suite, Villa, and Cabin accommodations."
aurora pet policy lang,policy,Policies depend on availability and room type. Please confirm specific requests with the front desk.
can you suggest room tomorrow,recommendation,"Tell me the number of guests, nights, and your budget so I can recommend the best room option."
pwede price ng room po,price,Room prices vary depending on room type and dates. Standard rooms are usually the most affordable.
aurora room list please pls,rooms,"Aurora offers Standard, Deluxe, Suite, Villa, and Cabin accommodations."
hey aurora amenities list please,amenities,"Aurora amenities include Sky Infinity Pool, Zen Wellness Studio gym, Lumina Dining restaurant, parking, and complimentary WiFi."
hello aurora blah blah tonight,fallback,"I might not have the exact answer for that, but I can help with rooms, amenities, prices, or reservations."
hello aurora do you have suite ngayon,rooms,"Aurora offers Standard, Deluxe, Suite, Villa, and Cabin accommodations."
pde gym available,amenities,"Aurora amenities include Sky Infinity Pool, Zen Wellness Studio gym, Lumina Dining restaurant, parking, and complimentary WiFi."
pde yo aurora today,greeting,"Hello! Welcome to Aurora. I can help with rooms, amenities, prices, or reservations."
i dont understand pls,fallback,"I might not have the exact answer for that, but I can help with rooms, amenities, prices, or reservations."
please pwede mag book lang,reservation,"To reserve a room: sign in, open the Rooms page, choose your room and dates, then confirm the reservation."
pet policy today,policy,Policies depend on availability and room type. Please confirm specific requests with the front desk.
pde near airport tonight,location,"For the exact address and directions, please check the Aurora website location page or contact the front desk."
hey aurora facilities list please,amenities,"Aurora amenities include Sky Infinity Pool, Zen Wellness Studio gym, Lumina Dining restaurant, parking, and complimentary WiFi."
hello aurora recommend room lang,recommendation,"Tell me the number of guests, nights, and your budget so I can recommend the best room option."
can you list rooms available lang,rooms,"Aurora offers Standard, Deluxe, Suite, Villa, and Cabin accommodations."
hey aurora recommend under budget ngayon,recommendation,"Tell me the number of guests, nights, and your budget so I can recommend the best room option."
blah blah today,fallback,"I might not have the exact answer for that, but I can help with rooms, amenities, prices, or reservations."
hey aurora suggest room today,recommendation,"Tell me the number of guests, nights, and your budget so I can recommend the best room option."
rooom types ngayon,rooms,"Aurora offers Standard, Deluxe, Suite, Villa, and Cabin accommodations."
aurora kumusta,greeting,"Hello! Welcome to Aurora. I can help with rooms, amenities, prices, or reservations."
magkano room lang,price,Room prices vary depending on room type and dates. Standard rooms are usually the most affordable.
please ano ibig sabihin please,fallback,"I might not have the exact answer for that, but I can help with rooms, amenities, prices, or reservations."
can you may wifi ba,amenities,"Aurora amenities include Sky Infinity Pool, Zen Wellness Studio gym, Lumina Dining restaurant, parking, and complimentary WiFi."
list rooms available tomorrow,rooms,"Aurora offers Standard, Deluxe, Suite, Villa, and Cabin accommodations."
may rooms ba kayo please,rooms,"Aurora offers Standard, Deluxe, Suite, Villa, and Cabin accommodations."
aurora kumusta ngayon,greeting,"Hello! Welcome to Aurora. I can help with rooms, amenities, prices, or reservations."
aurora magkano per night please,price,Room prices vary depending on room type and dates. Standard rooms are usually the most affordable.
can you tell me more po,fallback,"I might not have the exact answer for that, but I can help with rooms, amenities, prices, or reservations."
pwede sup aurora lang,greeting,"Hello! Welcome to Aurora. I can help with rooms, amenities, prices, or reservations."
hey aurora cheap room suggestion tomorrow,recommendation,"Tell me the number of guests, nights, and your budget so I can recommend the best room option."
hello aurora magkano room,price,Room prices vary depending on room type and dates. Standard rooms are usually the most affordable.
may wifi ba lang,amenities,"Aurora amenities include Sky Infinity Pool, Zen Wellness Studio gym, Lumina Dining restaurant, parking, and complimentary WiFi."
tell me more,fallback,"I might not have the exact answer for that, but I can help with rooms, amenities, prices, or reservations."
hello tonight,greeting,"Hello! Welcome to Aurora. I can help with rooms, amenities, prices, or reservations."
i dont understand please,fallback,"I might not have the exact answer for that, but I can help with rooms, amenities, prices, or reservations."
near airport please,location,"For the exact address and directions, please check the Aurora website location page or contact the front desk."
pls room for family po,recommendation,"Tell me the number of guests, nights, and your budget so I can recommend the best room option."
pde booking steps ngayon,reservation,"To reserve a room: sign in, open the Rooms page, choose your room and dates, then confirm the reservation."
aurora budget room,price,Room prices vary depending on room type and dates. Standard rooms are usually the most affordable.
pls kumusta lang,greeting,"Hello! Welcome to Aurora. I can help with rooms, amenities, prices, or reservations."
pls hm room po,price,Room prices vary depending on room type and dates. Standard rooms are usually the most affordable.
pde booking steps,reservation,"To reserve a room: sign in, open the Rooms page, choose your room and dates, then confirm the reservation."
hello aurora cheap room option tonight,price,Room prices vary depending on room type and dates. Standard rooms are usually the most affordable.
room for family po,recommendation,"Tell me the number of guests, nights, and your budget so I can recommend the best room option."
available rooms today,rooms,"Aurora offers Standard, Deluxe, Suite, Villa, and Cabin accommodations."
pwede paano mag reserve today,reservation,"To reserve a room: sign in, open the Rooms page, choose your room and dates, then confirm the reservation."
pwede booking steps lang,reservation,"To reserve a room: sign in, open the Rooms page, choose your room and dates, then confirm the reservation."
aurora is pool free lang,amenities,"Aurora amenities include Sky Infinity Pool, Zen Wellness Studio gym, Lumina Dining restaurant, parking, and complimentary WiFi."
can you pet policy,policy,Policies depend on availability and room type. Please confirm specific requests with the front desk.
hey aurora room types today,rooms,"Aurora offers Standard, Deluxe, Suite, Villa, and Cabin accommodations."
can you what kind of rooms po,rooms,"Aurora offers Standard, Deluxe, Suite, Villa, and Cabin accommodations."
can you best room for couple,recommendation,"Tell me the number of guests, nights, and your budget so I can recommend the best room option."
pwede room list please tomorrow,rooms,"Aurora offers Standard, Deluxe, Suite, Villa, and Cabin accommodations."
pwede mag book,reservation,"To reserve a room: sign in, open the Rooms page, choose your room and dates, then confirm the reservation."
pwede tell me more lang,fallback,"I might not have the exact answer for that, but I can help with rooms, amenities, prices, or reservations."
aurora may wifi ba please,amenities,"Aurora amenities include Sky Infinity Pool, Zen Wellness Studio gym, Lumina Dining restaurant, parking, and complimentary WiFi."
aurora may wifi ba,amenities,"Aurora amenities include Sky Infinity Pool, Zen Wellness Studio gym, Lumina Dining restaurant, parking, and complimentary WiFi."
hello aurora ano mga room types please,rooms,"Aurora offers Standard, Deluxe, Suite, Villa, and Cabin accommodations."
available rooms ngayon,rooms,"Aurora offers Standard, Deluxe, Suite, Villa, and Cabin accommodations."
how much is room po,price,Room prices vary depending on room type and dates. Standard rooms are usually the most affordable.
pls amenities list po,amenities,"Aurora amenities include Sky Infinity Pool, Zen Wellness Studio gym, Lumina Dining restaurant, parking, and complimentary WiFi."
can you book tonight,reservation,"To reserve a room: sign in, open the Rooms page, choose your room and dates, then confirm the reservation."
can you available rooms please,rooms,"Aurora offers Standard, Deluxe, Suite, Villa, and Cabin accommodations."
please how to book,reservation,"To reserve a room: sign in, open the Rooms page, choose your room and dates, then confirm the reservation."
pls room preference pls,policy,Policies depend on availability and room type. Please confirm specific requests with the front desk.
pwede kamusta tonight,greeting,"Hello! Welcome to Aurora. I can help with rooms, amenities, prices, or reservations."
pls recommend under budget tonight,recommendation,"Tell me the number of guests, nights, and your budget so I can recommend the best room option."
pls how much is room tomorrow,price,Room prices vary depending on room type and dates. Standard rooms are usually the most affordable.
hello aurora do you like pizza lang,fallback,"I might not have the exact answer for that, but I can help with rooms, amenities, prices, or reservations."
aurora explain again please,fallback,"I might not have the exact answer for that, but I can help with rooms, amenities, prices, or reservations."
location of hotel tomorrow,location,"For the exact address and directions, please check the Aurora website location page or contact the front desk."
hm room ngayon,price,Room prices vary depending on room type and dates. Standard rooms are usually the most affordable.
pwede something random pls,fallback,"I might not have the exact answer for that, but I can help with rooms, amenities, prices, or reservations."
room suggestion please tomorrow,recommendation,"Tell me the number of guests, nights, and your budget so I can recommend the best room option."
pwede late checkout,policy,Policies depend on availability and room type. Please confirm specific requests with the front desk.
aurora may pool ba tomorrow,amenities,"Aurora amenities include Sky Infinity Pool, Zen Wellness Studio gym, Lumina Dining restaurant, parking, and complimentary WiFi."
aurora distance city today,location,"For the exact address and directions, please check the Aurora website location page or contact the front desk."
hey aurora parking available po,amenities,"Aurora amenities include Sky Infinity Pool, Zen Wellness Studio gym, Lumina Dining restaurant, parking, and complimentary WiFi."
booking steps,reservation,"To reserve a room: sign in, open the Rooms page, choose your room and dates, then confirm the reservation."
please recommend under budget po,recommendation,"Tell me the number of guests, nights, and your budget so I can recommend the best room option."
can you how to book tonight,reservation,"To reserve a room: sign in, open the Rooms page, choose your room and dates, then confirm the reservation."
can i book now tonight,reservation,"To reserve a room: sign in, open the Rooms page, choose your room and dates, then confirm the reservation."
pde ano ibig sabihin tonight,fallback,"I might not have the exact answer for that, but I can help with rooms, amenities, prices, or reservations."
something random tonight,fallback,"I might not have the exact answer for that, but I can help with rooms, amenities, prices, or reservations."
kids allowed today,policy,Policies depend on availability and room type. Please confirm specific requests with the front desk.
do you have suite,rooms,"Aurora offers Standard, Deluxe, Suite, Villa, and Cabin accommodations."
hello aurora hello po please,greeting,"Hello! Welcome to Aurora. I can help with rooms, amenities, prices, or reservations."
pde hello again tomorrow,greeting,"Hello! Welcome to Aurora. I can help with rooms, amenities, prices, or reservations."
hello aurora kumusta please,greeting,"Hello! Welcome to Aurora. I can help with rooms, amenities, prices, or reservations."
room suggestion please please,recommendation,"Tell me the number of guests, nights, and your budget so I can recommend the best room option."
pls is pool free tonight,amenities,"Aurora amenities include Sky Infinity Pool, Zen Wellness Studio gym, Lumina Dining restaurant, parking, and complimentary WiFi."
aurora location of hotel ngayon,location,"For the exact address and directions, please check the Aurora website location page or contact the front desk."
gym available pls,amenities,"Aurora amenities include Sky Infinity Pool, Zen Wellness Studio gym, Lumina Dining restaurant, parking, and complimentary WiFi."
please i dont understand ngayon,fallback,"I might not have the exact answer for that, but I can help with rooms, amenities, prices, or reservations."
hey aurora price per night tonight,price,Room prices vary depending on room type and dates. Standard rooms are usually the most affordable.
pls parking available ngayon,amenities,"Aurora amenities include Sky Infinity Pool, Zen Wellness Studio gym, Lumina Dining restaurant, parking, and complimentary WiFi."
can you random question,fallback,"I might not have the exact answer for that, but I can help with rooms, amenities, prices, or reservations."
pwede help booking please,reservation,"To reserve a room: sign in, open the Rooms page, choose your room and dates, then confirm the reservation."
pwede hi po today,greeting,"Hello! Welcome to Aurora. I can help with rooms, amenities, prices, or reservations."
aurora kumusta,greeting,"Hello! Welcome to Aurora. I can help with rooms, amenities, prices, or reservations."
can you kids allowed ngayon,policy,Policies depend on availability and room type. Please confirm specific requests with the front desk.
pls hotel policy tonight,policy,Policies depend on availability and room type. Please confirm specific requests with the front desk.
can you prce room please,price,Room prices vary depending on room type and dates. Standard rooms are usually the most affordable.
can you good day please,greeting,"Hello! Welcome to Aurora. I can help with rooms, amenities, prices, or reservations."
hey aurora yo aurora tonight,greeting,"Hello! Welcome to Aurora. I can help with rooms, amenities, prices, or reservations."
pls may rooms ba kayo tonight,rooms,"Aurora offers Standard, Deluxe, Suite, Villa, and Cabin accommodations."
hotel location lang,location,"For the exact address and directions, please check the Aurora website location page or contact the front desk."
pls late checkout,policy,Policies depend on availability and room type. Please confirm specific requests with the front desk.
hello aurora list rooms available ngayon,rooms,"Aurora offers Standard, Deluxe, Suite, Villa, and Cabin accommodations."
tell me more tomorrow,fallback,"I might not have the exact answer for that, but I can help with rooms, amenities, prices, or reservations."
pde may cabin ba today,rooms,"Aurora offers Standard, Deluxe, Suite, Villa, and Cabin accommodations."
good morning please,greeting,"Hello! Welcome to Aurora. I can help with rooms, amenities, prices, or reservations."
please best room for couple tomorrow,recommendation,"Tell me the number of guests, nights, and your budget so I can recommend the best room option."
pls sup aurora ngayon,greeting,"Hello! Welcome to Aurora. I can help with rooms, amenities, prices, or reservations."
hey aurora hotel location lang,location,"For the exact address and directions, please check the Aurora website location page or contact the front desk."
pwede what amenities today,amenities,"Aurora amenities include Sky Infinity Pool, Zen Wellness Studio gym, Lumina Dining restaurant, parking, and complimentary WiFi."
can you late checkout lang,policy,Policies depend on availability and room type. Please confirm specific requests with the front desk.
available rooms pls,rooms,"Aurora offers Standard, Deluxe, Suite, Villa, and Cabin accommodations."
aurora do you have pool,amenities,"Aurora amenities include Sky Infinity Pool, Zen Wellness Studio gym, Lumina Dining restaurant, parking, and complimentary WiFi."
aurora balcony request,policy,Policies depend on availability and room type. Please confirm specific requests with the front desk.
pwede location of hotel po,location,"For the exact address and directions, please check the Aurora website location page or contact the front desk."
pls recommend room please,recommendation,"Tell me the number of guests, nights, and your budget so I can recommend the best room option."
hello po po,greeting,"Hello! Welcome to Aurora. I can help with rooms, amenities, prices, or reservations."
suggest best room,recommendation,"Tell me the number of guests, nights, and your budget so I can recommend the best room option."
pwede ano ibig sabihin tomorrow,fallback,"I might not have the exact answer for that, but I can help with rooms, amenities, prices, or reservations."
aurora map location tomorrow,location,"For the exact address and directions, please check the Aurora website location page or contact the front desk."
hello aurora something random today,fallback,"I might not have the exact answer for that, but I can help with rooms, amenities, prices, or reservations."
aurora may wifi ba please,amenities,"Aurora amenities include Sky Infinity Pool, Zen Wellness Studio gym, Lumina Dining restaurant, parking, and complimentary WiFi."
hey aurora balcony request,policy,Policies depend on availability and room type. Please confirm specific requests with the front desk.
pwede good day tomorrow,greeting,"Hello! Welcome to Aurora. I can help with rooms, amenities, prices, or reservations."
pde magkano per night,price,Room prices vary depending on room type and dates. Standard rooms are usually the most affordable.
room price po,price,Room prices vary depending on room type and dates. Standard rooms are usually the most affordable.
aurora something random,fallback,"I might not have the exact answer for that, but I can help with rooms, amenities, prices, or reservations."
pwede something random tonight,fallback,"I might not have the exact answer for that, but I can help with rooms, amenities, prices, or reservations."
hello aurora paano mag reserve ngayon,reservation,"To reserve a room: sign in, open the Rooms page, choose your room and dates, then confirm the reservation."
hey aurora booking steps,reservation,"To reserve a room: sign in, open the Rooms page, choose your room and dates, then confirm the reservation."
pls suite price po,price,Room prices vary depending on room type and dates. Standard rooms are usually the most affordable.
pde room for family,recommendation,"Tell me the number of guests, nights, and your budget so I can recommend the best room option."
hello aurora do you like pizza tomorrow,fallback,"I might not have the exact answer for that, but I can help with rooms, amenities, prices, or reservations."
pde explain again lang,fallback,"I might not have the exact answer for that, but I can help with rooms, amenities, prices, or reservations."
pwede good evening,greeting,"Hello! Welcome to Aurora. I can help with rooms, amenities, prices, or reservations."
distance city tonight,location,"For the exact address and directions, please check the Aurora website location page or contact the front desk."
hey aurora room suggestion please pls,recommendation,"Tell me the number of guests, nights, and your budget so I can recommend the best room option."
please hello again tomorrow,greeting,"Hello! Welcome to Aurora. I can help with rooms, amenities, prices, or reservations."
suite price,price,Room prices vary depending on room type and dates. Standard rooms are usually the most affordable.
location of hotel today,location,"For the exact address and directions, please check the Aurora website location page or contact the front desk."
can you how to book tonight,reservation,"To reserve a room: sign in, open the Rooms page, choose your room and dates, then confirm the reservation."
pwede i dont understand lang,fallback,"I might not have the exact answer for that, but I can help with rooms, amenities, prices, or reservations."
pde available rooms,rooms,"Aurora offers Standard, Deluxe, Suite, Villa, and Cabin accommodations."
can you address tomorrow,location,"For the exact address and directions, please check the Aurora website location page or contact the front desk."
hey aurora parking available tonight,amenities,"Aurora amenities include Sky Infinity Pool, Zen Wellness Studio gym, Lumina Dining restaurant, parking, and complimentary WiFi."
hey aurora suggest best room today,recommendation,"Tell me the number of guests, nights, and your budget so I can recommend the best room option."
can i book now please,reservation,"To reserve a room: sign in, open the Rooms page, choose your room and dates, then confirm the reservation."
please balcony request tonight,policy,Policies depend on availability and room type. Please confirm specific requests with the front desk.
please book tonight please,reservation,"To reserve a room: sign in, open the Rooms page, choose your room and dates, then confirm the reservation."
what kind of rooms lang,rooms,"Aurora offers Standard, Deluxe, Suite, Villa, and Cabin accommodations."
can you how to get there po,location,"For the exact address and directions, please check the Aurora website location page or contact the front desk."
please explain again po,fallback,"I might not have the exact answer for that, but I can help with rooms, amenities, prices, or reservations."
hello aurora what rooms do you have pls,rooms,"Aurora offers Standard, Deluxe, Suite, Villa, and Cabin accommodations."
pls magkano deluxe tonight,price,Room prices vary depending on room type and dates. Standard rooms are usually the most affordable.
hello aurora magkano per night lang,price,Room prices vary depending on room type and dates. Standard rooms are usually the most affordable.
aurora how to get there today,location,"For the exact address and directions, please check the Aurora website location page or contact the front desk."
hello aurora book tonight ngayon,reservation,"To reserve a room: sign in, open the Rooms page, choose your room and dates, then confirm the reservation."
aurora room price pls,price,Room prices vary depending on room type and dates. Standard rooms are usually the most affordable.
pde pool details today,amenities,"Aurora amenities include Sky Infinity Pool, Zen Wellness Studio gym, Lumina Dining restaurant, parking, and complimentary WiFi."
pwede hi assistant tomorrow,greeting,"Hello! Welcome to Aurora. I can help with rooms, amenities, prices, or reservations."
pls may rooms ba kayo please,rooms,"Aurora offers Standard, Deluxe, Suite, Villa, and Cabin accommodations."
please how do i reserve po,reservation,"To reserve a room: sign in, open the Rooms page, choose your room and dates, then confirm the reservation."
pwede help booking po,reservation,"To reserve a room: sign in, open the Rooms page, choose your room and dates, then confirm the reservation."
can you what amenities po,amenities,"Aurora amenities include Sky Infinity Pool, Zen Wellness Studio gym, Lumina Dining restaurant, parking, and complimentary WiFi."
pwede tell me more tomorrow,fallback,"I might not have the exact answer for that, but I can help with rooms, amenities, prices, or reservations."
sup aurora lang,greeting,"Hello! Welcome to Aurora. I can help with rooms, amenities, prices, or reservations."
please do you have gym lang,amenities,"Aurora amenities include Sky Infinity Pool, Zen Wellness Studio gym, Lumina Dining restaurant, parking, and complimentary WiFi."
pwede how do i reserve tonight,reservation,"To reserve a room: sign in, open the Rooms page, choose your room and dates, then confirm the reservation."
pde is pool free lang,amenities,"Aurora amenities include Sky Infinity Pool, Zen Wellness Studio gym, Lumina Dining restaurant, parking, and complimentary WiFi."
pde may cabin ba,rooms,"Aurora offers Standard, Deluxe, Suite, Villa, and Cabin accommodations."
can you book room pls,reservation,"To reserve a room: sign in, open the Rooms page, choose your room and dates, then confirm the reservation."
aurora what kind of rooms,rooms,"Aurora offers Standard, Deluxe, Suite, Villa, and Cabin accommodations."
hey aurora what if aliens visit today,fallback,"I might not have the exact answer for that, but I can help with rooms, amenities, prices, or reservations."
pwede address today,location,"For the exact address and directions, please check the Aurora website location page or contact the front desk."
pls location of hotel tonight,location,"For the exact address and directions, please check the Aurora website location page or contact the front desk."
hey aurora price per night please,price,Room prices vary depending on room type and dates. Standard rooms are usually the most affordable.
suite price,price,Room prices vary depending on room type and dates. Standard rooms are usually the most affordable.
please location of hotel,location,"For the exact address and directions, please check the Aurora website location page or contact the front desk."
please amenities list,amenities,"Aurora amenities include Sky Infinity Pool, Zen Wellness Studio gym, Lumina Dining restaurant, parking, and complimentary WiFi."
can you where is aurora po,location,"For the exact address and directions, please check the Aurora website location page or contact the front desk."
hey aurora hotel policy pls,policy,Policies depend on availability and room type. Please confirm specific requests with the front desk.
good afternoon tomorrow,greeting,"Hello! Welcome to Aurora. I can help with rooms, amenities, prices, or reservations."
ano mga room types tomorrow,rooms,"Aurora offers Standard, Deluxe, Suite, Villa, and Cabin accommodations."
hey aurora hey lang,greeting,"Hello! Welcome to Aurora. I can help with rooms, amenities, prices, or reservations."
reserve room now please,reservation,"To reserve a room: sign in, open the Rooms page, choose your room and dates, then confirm the reservation."
pwede blah blah pls,fallback,"I might not have the exact answer for that, but I can help with rooms, amenities, prices, or reservations."
aurora room price,price,Room prices vary depending on room type and dates. Standard rooms are usually the most affordable.
please explain again tomorrow,fallback,"I might not have the exact answer for that, but I can help with rooms, amenities, prices, or reservations."
pls sup aurora po,greeting,"Hello! Welcome to Aurora. I can help with rooms, amenities, prices, or reservations."
please magkano deluxe po,price,Room prices vary depending on room type and dates. Standard rooms are usually the most affordable.
pwede may pool ba lang,amenities,"Aurora amenities include Sky Infinity Pool, Zen Wellness Studio gym, Lumina Dining restaurant, parking, and complimentary WiFi."
parking available tonight,amenities,"Aurora amenities include Sky Infinity Pool, Zen Wellness Studio gym, Lumina Dining restaurant, parking, and complimentary WiFi."
aurora what rooms do you have tomorrow,rooms,"Aurora offers Standard, Deluxe, Suite, Villa, and Cabin accommodations."
please how to get there ngayon,location,"For the exact address and directions, please check the Aurora website location page or contact the front desk."
kids allowed please,policy,Policies depend on availability and room type. Please confirm specific requests with the front desk.
aurora show me rooms tomorrow,rooms,"Aurora offers Standard, Deluxe, Suite, Villa, and Cabin accommodations."
hi po lang,greeting,"Hello! Welcome to Aurora. I can help with rooms, amenities, prices, or reservations."
can you do you like pizza tomorrow,fallback,"I might not have the exact answer for that, but I can help with rooms, amenities, prices, or reservations."
aurora facilities list,amenities,"Aurora amenities include Sky Infinity Pool, Zen Wellness Studio gym, Lumina Dining restaurant, parking, and complimentary WiFi."
pde amenities list today,amenities,"Aurora amenities include Sky Infinity Pool, Zen Wellness Studio gym, Lumina Dining restaurant, parking, and complimentary WiFi."
pde magkano room tonight,price,Room prices vary depending on room type and dates. Standard rooms are usually the most affordable.
pls good evening tonight,greeting,"Hello! Welcome to Aurora. I can help with rooms, amenities, prices, or reservations."
pls address ngayon,location,"For the exact address and directions, please check the Aurora website location page or contact the front desk."
distance city po,location,"For the exact address and directions, please check the Aurora website location page or contact the front desk."
hey aurora kids allowed today,policy,Policies depend on availability and room type. Please confirm specific requests with the front desk.
can you hello po lang,greeting,"Hello! Welcome to Aurora. I can help with rooms, amenities, prices, or reservations."
hey aurora suggest room,recommendation,"Tell me the number of guests, nights, and your budget so I can recommend the best room option."
hello aurora may pool ba po,amenities,"Aurora amenities include Sky Infinity Pool, Zen Wellness Studio gym, Lumina Dining restaurant, parking, and complimentary WiFi."
where is aurora tomorrow,location,"For the exact address and directions, please check the Aurora website location page or contact the front desk."
pwede price per night lang,price,Room prices vary depending on room type and dates. Standard rooms are usually the most affordable.
something random tonight,fallback,"I might not have the exact answer for that, but I can help with rooms, amenities, prices, or reservations."
prce room tomorrow,price,Room prices vary depending on room type and dates. Standard rooms are usually the most affordable.
please is pool free tonight,amenities,"Aurora amenities include Sky Infinity Pool, Zen Wellness Studio gym, Lumina Dining restaurant, parking, and complimentary WiFi."
aurora location of hotel lang,location,"For the exact address and directions, please check the Aurora website location page or contact the front desk."
hello ngayon,greeting,"Hello! Welcome to Aurora. I can help with rooms, amenities, prices, or reservations."
price per night,price,Room prices vary depending on room type and dates. Standard rooms are usually the most affordable.
hello aurora list rooms available today,rooms,"Aurora offers Standard, Deluxe, Suite, Villa, and Cabin accommodations."
hey aurora check in time tomorrow,policy,Policies depend on availability and room type. Please confirm specific requests with the front desk.
rooom types pls,rooms,"Aurora offers Standard, Deluxe, Suite, Villa, and Cabin accommodations."
pls room for family please,recommendation,"Tell me the number of guests, nights, and your budget so I can recommend the best room option."
hey aurora hello again please,greeting,"Hello! Welcome to Aurora. I can help with rooms, amenities, prices, or reservations."
please kids allowed please,policy,Policies depend on availability and room type. Please confirm specific requests with the front desk.
pls restaurant available pls,amenities,"Aurora amenities include Sky Infinity Pool, Zen Wellness Studio gym, Lumina Dining restaurant, parking, and complimentary WiFi."
hey aurora paano mag reserve pls,reservation,"To reserve a room: sign in, open the Rooms page, choose your room and dates, then confirm the reservation."
aurora facilities list today,amenities,"Aurora amenities include Sky Infinity Pool, Zen Wellness Studio gym, Lumina Dining restaurant, parking, and complimentary WiFi."
hey aurora address tonight,location,"For the exact address and directions, please check the Aurora website location page or contact the front desk."
something random please,fallback,"I might not have the exact answer for that, but I can help with rooms, amenities, prices, or reservations."
pwede wifi details tomorrow,amenities,"Aurora amenities include Sky Infinity Pool, Zen Wellness Studio gym, Lumina Dining restaurant, parking, and complimentary WiFi."
hey aurora how do i reserve tomorrow,reservation,"To reserve a room: sign in, open the Rooms page, choose your room and dates, then confirm the reservation."
can you budget room pls,price,Room prices vary depending on room type and dates. Standard rooms are usually the most affordable.
please paano mag reserve tonight,reservation,"To reserve a room: sign in, open the Rooms page, choose your room and dates, then confirm the reservation."
please yo aurora pls,greeting,"Hello! Welcome to Aurora. I can help with rooms, amenities, prices, or reservations."
please gym available today,amenities,"Aurora amenities include Sky Infinity Pool, Zen Wellness Studio gym, Lumina Dining restaurant, parking, and complimentary WiFi."
hey aurora available rooms,rooms,"Aurora offers Standard, Deluxe, Suite, Villa, and Cabin accommodations."
hey aurora hi,greeting,"Hello! Welcome to Aurora. I can help with rooms, amenities, prices, or reservations."
can you location of hotel lang,location,"For the exact address and directions, please check the Aurora website location page or contact the front desk."
pls show me rooms,rooms,"Aurora offers Standard, Deluxe, Suite, Villa, and Cabin accommodations."
hello aurora hello again tomorrow,greeting,"Hello! Welcome to Aurora. I can help with rooms, amenities, prices, or reservations."
hey aurora hi tonight,greeting,"Hello! Welcome to Aurora. I can help with rooms, amenities, prices, or reservations."
please how much is room please,price,Room prices vary depending on room type and dates. Standard rooms are usually the most affordable.
good morning po,greeting,"Hello! Welcome to Aurora. I can help with rooms, amenities, prices, or reservations."
can you hello po,greeting,"Hello! Welcome to Aurora. I can help with rooms, amenities, prices, or reservations."
pwede room preference lang,policy,Policies depend on availability and room type. Please confirm specific requests with the front desk.
pwede hi po po,greeting,"Hello! Welcome to Aurora. I can help with rooms, amenities, prices, or reservations."
pwede best room for couple pls,recommendation,"Tell me the number of guests, nights, and your budget so I can recommend the best room option."
hey aurora map location po,location,"For the exact address and directions, please check the Aurora website location page or contact the front desk."
please how to book lang,reservation,"To reserve a room: sign in, open the Rooms page, choose your room and dates, then confirm the reservation."
pwede available rooms tonight,rooms,"Aurora offers Standard, Deluxe, Suite, Villa, and Cabin accommodations."
please price ng room ngayon,price,Room prices vary depending on room type and dates. Standard rooms are usually the most affordable.
hey aurora help booking,reservation,"To reserve a room: sign in, open the Rooms page, choose your room and dates, then confirm the reservation."
hey aurora recommend under budget today,recommendation,"Tell me the number of guests, nights, and your budget so I can recommend the best room option."
pde room types tomorrow,rooms,"Aurora offers Standard, Deluxe, Suite, Villa, and Cabin accommodations."
can you may villa ba lang,rooms,"Aurora offers Standard, Deluxe, Suite, Villa, and Cabin accommodations."
pls good evening ngayon,greeting,"Hello! Welcome to Aurora. I can help with rooms, amenities, prices, or reservations."
aurora hotel policy ngayon,policy,Policies depend on availability and room type. Please confirm specific requests with the front desk.
blah blah lang,fallback,"I might not have the exact answer for that, but I can help with rooms, amenities, prices, or reservations."
hello aurora may wifi ba po,amenities,"Aurora amenities include Sky Infinity Pool, Zen Wellness Studio gym, Lumina Dining restaurant, parking, and complimentary WiFi."
ano mga room types tomorrow,rooms,"Aurora offers Standard, Deluxe, Suite, Villa, and Cabin accommodations."
hello aurora how to book tomorrow,reservation,"To reserve a room: sign in, open the Rooms page, choose your room and dates, then confirm the reservation."
pls price ng room tonight,price,Room prices vary depending on room type and dates. Standard rooms are usually the most affordable.
hey aurora price per night lang,price,Room prices vary depending on room type and dates. Standard rooms are usually the most affordable.
pde may wifi ba po,amenities,"Aurora amenities include Sky Infinity Pool, Zen Wellness Studio gym, Lumina Dining restaurant, parking, and complimentary WiFi."
cheap room suggestion tonight,recommendation,"Tell me the number of guests, nights, and your budget so I can recommend the best room option."
pls do you like pizza,fallback,"I might not have the exact answer for that, but I can help with rooms, amenities, prices, or reservations."
pwede hello there pls,greeting,"Hello! Welcome to Aurora. I can help with rooms, amenities, prices, or reservations."
pde kumusta,greeting,"Hello! Welcome to Aurora. I can help with rooms, amenities, prices, or reservations."
aurora pwede mag book po,reservation,"To reserve a room: sign in, open the Rooms page, choose your room and dates, then confirm the reservation."
what if aliens visit po,fallback,"I might not have the exact answer for that, but I can help with rooms, amenities, prices, or reservations."
can you book tonight ngayon,reservation,"To reserve a room: sign in, open the Rooms page, choose your room and dates, then confirm the reservation."
please room for 4 guests,recommendation,"Tell me the number of guests, nights, and your budget so I can recommend the best room option."
hey aurora check out time lang,policy,Policies depend on availability and room type. Please confirm specific requests with the front desk.
please may wifi ba po,amenities,"Aurora amenities include Sky Infinity Pool, Zen Wellness Studio gym, Lumina Dining restaurant, parking, and complimentary WiFi."
please can i check in early po,policy,Policies depend on availability and room type. Please confirm specific requests with the front desk.
pwede how to book pls,reservation,"To reserve a room: sign in, open the Rooms page, choose your room and dates, then confirm the reservation."
hey aurora hi pls,greeting,"Hello! Welcome to Aurora. I can help with rooms, amenities, prices, or reservations."
please suggest room pls,recommendation,"Tell me the number of guests, nights, and your budget so I can recommend the best room option."
facilities list lang,amenities,"Aurora amenities include Sky Infinity Pool, Zen Wellness Studio gym, Lumina Dining restaurant, parking, and complimentary WiFi."
pde cheapest room,price,Room prices vary depending on room type and dates. Standard rooms are usually the most affordable.
good morning lang,greeting,"Hello! Welcome to Aurora. I can help with rooms, amenities, prices, or reservations."
please price ng room pls,price,Room prices vary depending on room type and dates. Standard rooms are usually the most affordable.
aurora ano mga room types,rooms,"Aurora offers Standard, Deluxe, Suite, Villa, and Cabin accommodations."
please reserve room now po,reservation,"To reserve a room: sign in, open the Rooms page, choose your room and dates, then confirm the reservation."
pde room for family,recommendation,"Tell me the number of guests, nights, and your budget so I can recommend the best room option."
hey aurora pet policy please,policy,Policies depend on availability and room type. Please confirm specific requests with the front desk.
suggest room tomorrow,recommendation,"Tell me the number of guests, nights, and your budget so I can recommend the best room option."
hello aurora location of hotel pls,location,"For the exact address and directions, please check the Aurora website location page or contact the front desk."
pls do you have suite please,rooms,"Aurora offers Standard, Deluxe, Suite, Villa, and Cabin accommodations."
pwede budget room ngayon,price,Room prices vary depending on room type and dates. Standard rooms are usually the most affordable.
please pool details lang,amenities,"Aurora amenities include Sky Infinity Pool, Zen Wellness Studio gym, Lumina Dining restaurant, parking, and complimentary WiFi."
pwede location of hotel pls,location,"For the exact address and directions, please check the Aurora website location page or contact the front desk."
book room please,reservation,"To reserve a room: sign in, open the Rooms page, choose your room and dates, then confirm the reservation."
aurora kumusta pls,greeting,"Hello! Welcome to Aurora. I can help with rooms, amenities, prices, or reservations."
tell me room options,rooms,"Aurora offers Standard, Deluxe, Suite, Villa, and Cabin accommodations."
pls good evening tonight,greeting,"Hello! Welcome to Aurora. I can help with rooms, amenities, prices, or reservations."
pde hello po lang,greeting,"Hello! Welcome to Aurora. I can help with rooms, amenities, prices, or reservations."
can you what amenities today,amenities,"Aurora amenities include Sky Infinity Pool, Zen Wellness Studio gym, Lumina Dining restaurant, parking, and complimentary WiFi."
hey aurora hello po please,greeting,"Hello! Welcome to Aurora. I can help with rooms, amenities, prices, or reservations."
pde amenities list today,amenities,"Aurora amenities include Sky Infinity Pool, Zen Wellness Studio gym, Lumina Dining restaurant, parking, and complimentary WiFi."
may cabin ba ngayon,rooms,"Aurora offers Standard, Deluxe, Suite, Villa, and Cabin accommodations."
hi aurora po,greeting,"Hello! Welcome to Aurora. I can help with rooms, amenities, prices, or reservations."
sup aurora please,greeting,"Hello! Welcome to Aurora. I can help with rooms, amenities, prices, or reservations."
can you extra bed request please,policy,Policies depend on availability and room type. Please confirm specific requests with the front desk.
aurora may cabin ba ngayon,rooms,"Aurora offers Standard, Deluxe, Suite, Villa, and Cabin accommodations."
pwede list rooms available,rooms,"Aurora offers Standard, Deluxe, Suite, Villa, and Cabin accommodations."
can you gym available ngayon,amenities,"Aurora amenities include Sky Infinity Pool, Zen Wellness Studio gym, Lumina Dining restaurant, parking, and complimentary WiFi."
can you reserve tomorrow tomorrow,reservation,"To reserve a room: sign in, open the Rooms page, choose your room and dates, then confirm the reservation."
hello aurora where is aurora ngayon,location,"For the exact address and directions, please check the Aurora website location page or contact the front desk."
amenities list tomorrow,amenities,"Aurora amenities include Sky Infinity Pool, Zen Wellness Studio gym, Lumina Dining restaurant, parking, and complimentary WiFi."
pls book tonight tonight,reservation,"To reserve a room: sign in, open the Rooms page, choose your room and dates, then confirm the reservation."
please how to book today,reservation,"To reserve a room: sign in, open the Rooms page, choose your room and dates, then confirm the reservation."
pde what amenities today,amenities,"Aurora amenities include Sky Infinity Pool, Zen Wellness Studio gym, Lumina Dining restaurant, parking, and complimentary WiFi."
room suggestion please today,recommendation,"Tell me the number of guests, nights, and your budget so I can recommend the best room option."
pwede hotel location ngayon,location,"For the exact address and directions, please check the Aurora website location page or contact the front desk."
can you i dont understand,fallback,"I might not have the exact answer for that, but I can help with rooms, amenities, prices, or reservations."
pde hm room please,price,Room prices vary depending on room type and dates. Standard rooms are usually the most affordable.
pde where is aurora please,location,"For the exact address and directions, please check the Aurora website location page or contact the front desk."
pde map location lang,location,"For the exact address and directions, please check the Aurora website location page or contact the front desk."
aurora room types po,rooms,"Aurora offers Standard, Deluxe, Suite, Villa, and Cabin accommodations."
can you parking available,amenities,"Aurora amenities include Sky Infinity Pool, Zen Wellness Studio gym, Lumina Dining restaurant, parking, and complimentary WiFi."
room price,price,Room prices vary depending on room type and dates. Standard rooms are usually the most affordable.
room types lang,rooms,"Aurora offers Standard, Deluxe, Suite, Villa, and Cabin accommodations."
pde parking available po,amenities,"Aurora amenities include Sky Infinity Pool, Zen Wellness Studio gym, Lumina Dining restaurant, parking, and complimentary WiFi."
aurora what if aliens visit tonight,fallback,"I might not have the exact answer for that, but I can help with rooms, amenities, prices, or reservations."
pde i dont understand tonight,fallback,"I might not have the exact answer for that, but I can help with rooms, amenities, prices, or reservations."
hey aurora help booking please,reservation,"To reserve a room: sign in, open the Rooms page, choose your room and dates, then confirm the reservation."
deluxe price,price,Room prices vary depending on room type and dates. Standard rooms are usually the most affordable.
please hey please,greeting,"Hello! Welcome to Aurora. I can help with rooms, amenities, prices, or reservations."
pls do you have pool tonight,amenities,"Aurora amenities include Sky Infinity Pool, Zen Wellness Studio gym, Lumina Dining restaurant, parking, and complimentary WiFi."
can you amenities list ngayon,amenities,"Aurora amenities include Sky Infinity Pool, Zen Wellness Studio gym, Lumina Dining restaurant, parking, and complimentary WiFi."
hello aurora how do i reserve tonight,reservation,"To reserve a room: sign in, open the Rooms page, choose your room and dates, then confirm the reservation."
hello aurora do you have gym lang,amenities,"Aurora amenities include Sky Infinity Pool, Zen Wellness Studio gym, Lumina Dining restaurant, parking, and complimentary WiFi."
pls balcony request po,policy,Policies depend on availability and room type. Please confirm specific requests with the front desk.
do you like pizza today,fallback,"I might not have the exact answer for that, but I can help with rooms, amenities, prices, or reservations."
hello aurora blah blah po,fallback,"I might not have the exact answer for that, but I can help with rooms, amenities, prices, or reservations."
pls good evening today,greeting,"Hello! Welcome to Aurora. I can help with rooms, amenities, prices, or reservations."
hello aurora rooom types please,rooms,"Aurora offers Standard, Deluxe, Suite, Villa, and Cabin accommodations."
aurora something random please,fallback,"I might not have the exact answer for that, but I can help with rooms, amenities, prices, or reservations."
pde i dont understand tonight,fallback,"I might not have the exact answer for that, but I can help with rooms, amenities, prices, or reservations."
hello aurora what rooms do you have,rooms,"Aurora offers Standard, Deluxe, Suite, Villa, and Cabin accommodations."
can you reserve room today,reservation,"To reserve a room: sign in, open the Rooms page, choose your room and dates, then confirm the reservation."
please hello po po,greeting,"Hello! Welcome to Aurora. I can help with rooms, amenities, prices, or reservations."
pwede suite price tomorrow,price,Room prices vary depending on room type and dates. Standard rooms are usually the most affordable.
aurora room types please,rooms,"Aurora offers Standard, Deluxe, Suite, Villa, and Cabin accommodations."
hello aurora good afternoon pls,greeting,"Hello! Welcome to Aurora. I can help with rooms, amenities, prices, or reservations."
pde budget room lang,price,Room prices vary depending on room type and dates. Standard rooms are usually the most affordable.
pwede magkano deluxe lang,price,Room prices vary depending on room type and dates. Standard rooms are usually the most affordable.
pwede good day tonight,greeting,"Hello! Welcome to Aurora. I can help with rooms, amenities, prices, or reservations."
pls balcony request lang,policy,Policies depend on availability and room type. Please confirm specific requests with the front desk.
can you what kind of rooms pls,rooms,"Aurora offers Standard, Deluxe, Suite, Villa, and Cabin accommodations."
pls price ng room today,price,Room prices vary depending on room type and dates. Standard rooms are usually the most affordable.
pls how much is room pls,price,Room prices vary depending on room type and dates. Standard rooms are usually the most affordable.
can you hi po pls,greeting,"Hello! Welcome to Aurora. I can help with rooms, amenities, prices, or reservations."
please price per night lang,price,Room prices vary depending on room type and dates. Standard rooms are usually the most affordable.
room suggestion please tonight,recommendation,"Tell me the number of guests, nights, and your budget so I can recommend the best room option."
please explain again today,fallback,"I might not have the exact answer for that, but I can help with rooms, amenities, prices, or reservations."
pde room list please tonight,rooms,"Aurora offers Standard, Deluxe, Suite, Villa, and Cabin accommodations."
can you ano mga room types tonight,rooms,"Aurora offers Standard, Deluxe, Suite, Villa, and Cabin accommodations."
can you good afternoon pls,greeting,"Hello! Welcome to Aurora. I can help with rooms, amenities, prices, or reservations."
hello po lang,greeting,"Hello! Welcome to Aurora. I can help with rooms, amenities, prices, or reservations."
aurora facilities list tomorrow,amenities,"Aurora amenities include Sky Infinity Pool, Zen Wellness Studio gym, Lumina Dining restaurant, parking, and complimentary WiFi."
pde reserve room now lang,reservation,"To reserve a room: sign in, open the Rooms page, choose your room and dates, then confirm the reservation."
i dont understand,fallback,"I might not have the exact answer for that, but I can help with rooms, amenities, prices, or reservations."
pls pool details,amenities,"Aurora amenities include Sky Infinity Pool, Zen Wellness Studio gym, Lumina Dining restaurant, parking, and complimentary WiFi."
can you tell me more today,fallback,"I might not have the exact answer for that, but I can help with rooms, amenities, prices, or reservations."
hey aurora hello po ngayon,greeting,"Hello! Welcome to Aurora. I can help with rooms, amenities, prices, or reservations."
pls show me rooms pls,rooms,"Aurora offers Standard, Deluxe, Suite, Villa, and Cabin accommodations."
map location ngayon,location,"For the exact address and directions, please check the Aurora website location page or contact the front desk."
pls hotel policy today,policy,Policies depend on availability and room type. Please confirm specific requests with the front desk.
pls kamusta,greeting,"Hello! Welcome to Aurora. I can help with rooms, amenities, prices, or reservations."
hello aurora kids allowed,policy,Policies depend on availability and room type. Please confirm specific requests with the front desk.
balcony request today,policy,Policies depend on availability and room type. Please confirm specific requests with the front desk.
pwede do you have pool tomorrow,amenities,"Aurora amenities include Sky Infinity Pool, Zen Wellness Studio gym, Lumina Dining restaurant, parking, and complimentary WiFi."
hello aurora explain again please,fallback,"I might not have the exact answer for that, but I can help with rooms, amenities, prices, or reservations."
aurora hi today,greeting,"Hello! Welcome to Aurora. I can help with rooms, amenities, prices, or reservations."
hello aurora check out time lang,policy,Policies depend on availability and room type. Please confirm specific requests with the front desk.
please amenities list lang,amenities,"Aurora amenities include Sky Infinity Pool, Zen Wellness Studio gym, Lumina Dining restaurant, parking, and complimentary WiFi."
can you suggest room tonight,recommendation,"Tell me the number of guests, nights, and your budget so I can recommend the best room option."
hello po today,greeting,"Hello! Welcome to Aurora. I can help with rooms, amenities, prices, or reservations."
pwede recommend under budget please,recommendation,"Tell me the number of guests, nights, and your budget so I can recommend the best room option."
near airport lang,location,"For the exact address and directions, please check the Aurora website location page or contact the front desk."
please magkano deluxe tomorrow,price,Room prices vary depending on room type and dates. Standard rooms are usually the most affordable.
can you kids allowed pls,policy,Policies depend on availability and room type. Please confirm specific requests with the front desk.
pls kids allowed,policy,Policies depend on availability and room type. Please confirm specific requests with the front desk.
can you pool details lang,amenities,"Aurora amenities include Sky Infinity Pool, Zen Wellness Studio gym, Lumina Dining restaurant, parking, and complimentary WiFi."
pde good evening lang,greeting,"Hello! Welcome to Aurora. I can help with rooms, amenities, prices, or reservations."
aurora late checkout tonight,policy,Policies depend on availability and room type. Please confirm specific requests with the front desk.
pls can i book now ngayon,reservation,"To reserve a room: sign in, open the Rooms page, choose your room and dates, then confirm the reservation."
pls ano ibig sabihin please,fallback,"I might not have the exact answer for that, but I can help with rooms, amenities, prices, or reservations."
can you kids allowed ngayon,policy,Policies depend on availability and room type. Please confirm specific requests with the front desk.
pls balcony request lang,policy,Policies depend on availability and room type. Please confirm specific requests with the front desk.
pls cheap room option pls,price,Room prices vary depending on room type and dates. Standard rooms are usually the most affordable.
pls tell me more please,fallback,"I might not have the exact answer for that, but I can help with rooms, amenities, prices, or reservations."
pde late checkout pls,policy,Policies depend on availability and room type. Please confirm specific requests with the front desk.
aurora how much is room,price,Room prices vary depending on room type and dates. Standard rooms are usually the most affordable.
pls address please,location,"For the exact address and directions, please check the Aurora website location page or contact the front desk."
room price lang,price,Room prices vary depending on room type and dates. Standard rooms are usually the most affordable.
hey aurora hey aurora lang,greeting,"Hello! Welcome to Aurora. I can help with rooms, amenities, prices, or reservations."
pls budget room tomorrow,price,Room prices vary depending on room type and dates. Standard rooms are usually the most affordable.
pde room types today,rooms,"Aurora offers Standard, Deluxe, Suite, Villa, and Cabin accommodations."
aurora magkano deluxe lang,price,Room prices vary depending on room type and dates. Standard rooms are usually the most affordable.
pde what if aliens visit,fallback,"I might not have the exact answer for that, but I can help with rooms, amenities, prices, or reservations."
pde room price today,price,Room prices vary depending on room type and dates. Standard rooms are usually the most affordable.
cheap room option pls,price,Room prices vary depending on room type and dates. Standard rooms are usually the most affordable.
hey aurora pet policy,policy,Policies depend on availability and room type. Please confirm specific requests with the front desk.
pls do you have gym today,amenities,"Aurora amenities include Sky Infinity Pool, Zen Wellness Studio gym, Lumina Dining restaurant, parking, and complimentary WiFi."
cheap room suggestion,recommendation,"Tell me the number of guests, nights, and your budget so I can recommend the best room option."
location of hotel po,location,"For the exact address and directions, please check the Aurora website location page or contact the front desk."
help booking today,reservation,"To reserve a room: sign in, open the Rooms page, choose your room and dates, then confirm the reservation."
pde help booking tomorrow,reservation,"To reserve a room: sign in, open the Rooms page, choose your room and dates, then confirm the reservation."
cheap room suggestion please,recommendation,"Tell me the number of guests, nights, and your budget so I can recommend the best room option."
pls kamusta tonight,greeting,"Hello! Welcome to Aurora. I can help with rooms, amenities, prices, or reservations."
pls hello ngayon,greeting,"Hello! Welcome to Aurora. I can help with rooms, amenities, prices, or reservations."
please explain again po,fallback,"I might not have the exact answer for that, but I can help with rooms, amenities, prices, or reservations."
can you hm room tomorrow,price,Room prices vary depending on room type and dates. Standard rooms are usually the most affordable.
hi assistant please,greeting,"Hello! Welcome to Aurora. I can help with rooms, amenities, prices, or reservations."
pde near airport today,location,"For the exact address and directions, please check the Aurora website location page or contact the front desk."
magkano deluxe pls,price,Room prices vary depending on room type and dates. Standard rooms are usually the most affordable.
pwede map location tonight,location,"For the exact address and directions, please check the Aurora website location page or contact the front desk."
can you rooom types po,rooms,"Aurora offers Standard, Deluxe, Suite, Villa, and Cabin accommodations."
pls may wifi ba,amenities,"Aurora amenities include Sky Infinity Pool, Zen Wellness Studio gym, Lumina Dining restaurant, parking, and complimentary WiFi."
hey aurora good day lang,greeting,"Hello! Welcome to Aurora. I can help with rooms, amenities, prices, or reservations."
aurora kamusta,greeting,"Hello! Welcome to Aurora. I can help with rooms, amenities, prices, or reservations."
pde budget room,price,Room prices vary depending on room type and dates. Standard rooms are usually the most affordable.
pwede magkano per night po,price,Room prices vary depending on room type and dates. Standard rooms are usually the most affordable.
please ano ibig sabihin,fallback,"I might not have the exact answer for that, but I can help with rooms, amenities, prices, or reservations."
hey aurora sup aurora tomorrow,greeting,"Hello! Welcome to Aurora. I can help with rooms, amenities, prices, or reservations."
aurora how do i reserve pls,reservation,"To reserve a room: sign in, open the Rooms page, choose your room and dates, then confirm the reservation."
pde hi assistant tomorrow,greeting,"Hello! Welcome to Aurora. I can help with rooms, amenities, prices, or reservations."
please book tonight pls,reservation,"To reserve a room: sign in, open the Rooms page, choose your room and dates, then confirm the reservation."
can you hello again tonight,greeting,"Hello! Welcome to Aurora. I can help with rooms, amenities, prices, or reservations."
pwede may pool ba lang,amenities,"Aurora amenities include Sky Infinity Pool, Zen Wellness Studio gym, Lumina Dining restaurant, parking, and complimentary WiFi."
pls book room ngayon,reservation,"To reserve a room: sign in, open the Rooms page, choose your room and dates, then confirm the reservation."
hey aurora may wifi ba pls,amenities,"Aurora amenities include Sky Infinity Pool, Zen Wellness Studio gym, Lumina Dining restaurant, parking, and complimentary WiFi."
hey aurora available rooms,rooms,"Aurora offers Standard, Deluxe, Suite, Villa, and Cabin accommodations."
pwede amenities list pls,amenities,"Aurora amenities include Sky Infinity Pool, Zen Wellness Studio gym, Lumina Dining restaurant, parking, and complimentary WiFi."
good evening lang,greeting,"Hello! Welcome to Aurora. I can help with rooms, amenities, prices, or reservations."
please wifi details today,amenities,"Aurora amenities include Sky Infinity Pool, Zen Wellness Studio gym, Lumina Dining restaurant, parking, and complimentary WiFi."
aurora how to get there please,location,"For the exact address and directions, please check the Aurora website location page or contact the front desk."
good morning lang,greeting,"Hello! Welcome to Aurora. I can help with rooms, amenities, prices, or reservations."
hi aurora ngayon,greeting,"Hello! Welcome to Aurora. I can help with rooms, amenities, prices, or reservations."
hello aurora room preference tonight,policy,Policies depend on availability and room type. Please confirm specific requests with the front desk.
address please,location,"For the exact address and directions, please check the Aurora website location page or contact the front desk."
pls room suggestion please pls,recommendation,"Tell me the number of guests, nights, and your budget so I can recommend the best room option."
pde amenities list tomorrow,amenities,"Aurora amenities include Sky Infinity Pool, Zen Wellness Studio gym, Lumina Dining restaurant, parking, and complimentary WiFi."
aurora room for family today,recommendation,"Tell me the number of guests, nights, and your budget so I can recommend the best room option."
hey aurora late checkout please,policy,Policies depend on availability and room type. Please confirm specific requests with the front desk.
pde tell me more today,fallback,"I might not have the exact answer for that, but I can help with rooms, amenities, prices, or reservations."
please how do i reserve tonight,reservation,"To reserve a room: sign in, open the Rooms page, choose your room and dates, then confirm the reservation."
hello aurora facilities list tonight,amenities,"Aurora amenities include Sky Infinity Pool, Zen Wellness Studio gym, Lumina Dining restaurant, parking, and complimentary WiFi."
hello aurora magkano deluxe,price,Room prices vary depending on room type and dates. Standard rooms are usually the most affordable.
blah blah tomorrow,fallback,"I might not have the exact answer for that, but I can help with rooms, amenities, prices, or reservations."
budget room,price,Room prices vary depending on room type and dates. Standard rooms are usually the most affordable.
pde how to get there,location,"For the exact address and directions, please check the Aurora website location page or contact the front desk."
please do you like pizza po,fallback,"I might not have the exact answer for that, but I can help with rooms, amenities, prices, or reservations."
magkano deluxe po,price,Room prices vary depending on room type and dates. Standard rooms are usually the most affordable.
aurora hello again lang,greeting,"Hello! Welcome to Aurora. I can help with rooms, amenities, prices, or reservations."
recommend good room lang,recommendation,"Tell me the number of guests, nights, and your budget so I can recommend the best room option."
aurora recommend room tonight,recommendation,"Tell me the number of guests, nights, and your budget so I can recommend the best room option."
pde book room please,reservation,"To reserve a room: sign in, open the Rooms page, choose your room and dates, then confirm the reservation."
hey aurora po,greeting,"Hello! Welcome to Aurora. I can help with rooms, amenities, prices, or reservations."
can you room for 4 guests lang,recommendation,"Tell me the number of guests, nights, and your budget so I can recommend the best room option."
please how much is room today,price,Room prices vary depending on room type and dates. Standard rooms are usually the most affordable.
aurora may cabin ba tomorrow,rooms,"Aurora offers Standard, Deluxe, Suite, Villa, and Cabin accommodations."
hey aurora booking steps po,reservation,"To reserve a room: sign in, open the Rooms page, choose your room and dates, then confirm the reservation."
aurora near airport po,location,"For the exact address and directions, please check the Aurora website location page or contact the front desk."
aurora recommend good room ngayon,recommendation,"Tell me the number of guests, nights, and your budget so I can recommend the best room option."
hotel policy,policy,Policies depend on availability and room type. Please confirm specific requests with the front desk.
can you what amenities ngayon,amenities,"Aurora amenities include Sky Infinity Pool, Zen Wellness Studio gym, Lumina Dining restaurant, parking, and complimentary WiFi."
paano mag reserve tonight,reservation,"To reserve a room: sign in, open the Rooms page, choose your room and dates, then confirm the reservation."
please available rooms tomorrow,rooms,"Aurora offers Standard, Deluxe, Suite, Villa, and Cabin accommodations."
hello aurora ano mga room types po,rooms,"Aurora offers Standard, Deluxe, Suite, Villa, and Cabin accommodations."
hey aurora explain again lang,fallback,"I might not have the exact answer for that, but I can help with rooms, amenities, prices, or reservations."
please rooom types tonight,rooms,"Aurora offers Standard, Deluxe, Suite, Villa, and Cabin accommodations."
aurora reserve room now today,reservation,"To reserve a room: sign in, open the Rooms page, choose your room and dates, then confirm the reservation."
pwede hey,greeting,"Hello! Welcome to Aurora. I can help with rooms, amenities, prices, or reservations."
hello aurora hi po,greeting,"Hello! Welcome to Aurora. I can help with rooms, amenities, prices, or reservations."
aurora reserve tomorrow tomorrow,reservation,"To reserve a room: sign in, open the Rooms page, choose your room and dates, then confirm the reservation."
hello aurora suggest room please,recommendation,"Tell me the number of guests, nights, and your budget so I can recommend the best room option."
please room preference,policy,Policies depend on availability and room type. Please confirm specific requests with the front desk.
pls recommend good room tomorrow,recommendation,"Tell me the number of guests, nights, and your budget so I can recommend the best room option."
aurora sup aurora po,greeting,"Hello! Welcome to Aurora. I can help with rooms, amenities, prices, or reservations."
recommend under budget lang,recommendation,"Tell me the number of guests, nights, and your budget so I can recommend the best room option."
cheap room suggestion please,recommendation,"Tell me the number of guests, nights, and your budget so I can recommend the best room option."
hello aurora is pool free ngayon,amenities,"Aurora amenities include Sky Infinity Pool, Zen Wellness Studio gym, Lumina Dining restaurant, parking, and complimentary WiFi."
pwede budget room please,price,Room prices vary depending on room type and dates. Standard rooms are usually the most affordable.
pwede do you like pizza,fallback,"I might not have the exact answer for that, but I can help with rooms, amenities, prices, or reservations."
pde cheap room suggestion tomorrow,recommendation,"Tell me the number of guests, nights, and your budget so I can recommend the best room option."
hey aurora room price pls,price,Room prices vary depending on room type and dates. Standard rooms are usually the most affordable.
pde check out time,policy,Policies depend on availability and room type. Please confirm specific requests with the front desk.
hello aurora deluxe price please,price,Room prices vary depending on room type and dates. Standard rooms are usually the most affordable.
pet policy please,policy,Policies depend on availability and room type. Please confirm specific requests with the front desk.
address,location,"For the exact address and directions, please check the Aurora website location page or contact the front desk."
hey aurora restaurant available po,amenities,"Aurora amenities include Sky Infinity Pool, Zen Wellness Studio gym, Lumina Dining restaurant, parking, and complimentary WiFi."
hey aurora cheap room suggestion tonight,recommendation,"Tell me the number of guests, nights, and your budget so I can recommend the best room option."
check in time tonight,policy,Policies depend on availability and room type. Please confirm specific requests with the front desk.
hello aurora suggest room lang,recommendation,"Tell me the number of guests, nights, and your budget so I can recommend the best room option."
can you rooom types,rooms,"Aurora offers Standard, Deluxe, Suite, Villa, and Cabin accommodations."
pde price per night please,price,Room prices vary depending on room type and dates. Standard rooms are usually the most affordable.
can you good evening,greeting,"Hello! Welcome to Aurora. I can help with rooms, amenities, prices, or reservations."
can you location of hotel tonight,location,"For the exact address and directions, please check the Aurora website location page or contact the front desk."
can you random question please,fallback,"I might not have the exact answer for that, but I can help with rooms, amenities, prices, or reservations."
aurora may cabin ba pls,rooms,"Aurora offers Standard, Deluxe, Suite, Villa, and Cabin accommodations."
pls how to get there,location,"For the exact address and directions, please check the Aurora website location page or contact the front desk."
hey aurora suite price please,price,Room prices vary depending on room type and dates. Standard rooms are usually the most affordable.
pwede booking steps lang,reservation,"To reserve a room: sign in, open the Rooms page, choose your room and dates, then confirm the reservation."
can i check in early tomorrow,policy,Policies depend on availability and room type. Please confirm specific requests with the front desk.
pls pet policy po,policy,Policies depend on availability and room type. Please confirm specific requests with the front desk.
can you hotel location please,location,"For the exact address and directions, please check the Aurora website location page or contact the front desk."
recommend under budget today,recommendation,"Tell me the number of guests, nights, and your budget so I can recommend the best room option."
pde where is aurora lang,location,"For the exact address and directions, please check the Aurora website location page or contact the front desk."
pwede cheap room suggestion lang,recommendation,"Tell me the number of guests, nights, and your budget so I can recommend the best room option."
can you book room today,reservation,"To reserve a room: sign in, open the Rooms page, choose your room and dates, then confirm the reservation."
aurora gym available,amenities,"Aurora amenities include Sky Infinity Pool, Zen Wellness Studio gym, Lumina Dining restaurant, parking, and complimentary WiFi."
aurora available rooms po,rooms,"Aurora offers Standard, Deluxe, Suite, Villa, and Cabin accommodations."
where is aurora,location,"For the exact address and directions, please check the Aurora website location page or contact the front desk."
hello aurora room for 4 guests ngayon,recommendation,"Tell me the number of guests, nights, and your budget so I can recommend the best room option."
hello aurora room suggestion please tonight,recommendation,"Tell me the number of guests, nights, and your budget so I can recommend the best room option."
pwede price ng room,price,Room prices vary depending on room type and dates. Standard rooms are usually the most affordable.
please hello po tomorrow,greeting,"Hello! Welcome to Aurora. I can help with rooms, amenities, prices, or reservations."
can you rooom types pls,rooms,"Aurora offers Standard, Deluxe, Suite, Villa, and Cabin accommodations."
please blah blah please,fallback,"I might not have the exact answer for that, but I can help with rooms, amenities, prices, or reservations."
pde parking available po,amenities,"Aurora amenities include Sky Infinity Pool, Zen Wellness Studio gym, Lumina Dining restaurant, parking, and complimentary WiFi."
good morning lang,greeting,"Hello! Welcome to Aurora. I can help with rooms, amenities, prices, or reservations."
something random po,fallback,"I might not have the exact answer for that, but I can help with rooms, amenities, prices, or reservations."
pls reserve room now tonight,reservation,"To reserve a room: sign in, open the Rooms page, choose your room and dates, then confirm the reservation."
hey aurora balcony request po,policy,Policies depend on availability and room type. Please confirm specific requests with the front desk.
how much is room ngayon,price,Room prices vary depending on room type and dates. Standard rooms are usually the most affordable.
pde suggest best room,recommendation,"Tell me the number of guests, nights, and your budget so I can recommend the best room option."
hello aurora check in time please,policy,Policies depend on availability and room type. Please confirm specific requests with the front desk.
pde ano mga room types today,rooms,"Aurora offers Standard, Deluxe, Suite, Villa, and Cabin accommodations."
pde reserve room now ngayon,reservation,"To reserve a room: sign in, open the Rooms page, choose your room and dates, then confirm the reservation."
pls hey tomorrow,greeting,"Hello! Welcome to Aurora. I can help with rooms, amenities, prices, or reservations."
pls recommend under budget po,recommendation,"Tell me the number of guests, nights, and your budget so I can recommend the best room option."
hey aurora what kind of rooms po,rooms,"Aurora offers Standard, Deluxe, Suite, Villa, and Cabin accommodations."
pde near airport please,location,"For the exact address and directions, please check the Aurora website location page or contact the front desk."
best room for couple po,recommendation,"Tell me the number of guests, nights, and your budget so I can recommend the best room option."
hello aurora address tonight,location,"For the exact address and directions, please check the Aurora website location page or contact the front desk."
can you room types lang,rooms,"Aurora offers Standard, Deluxe, Suite, Villa, and Cabin accommodations."
hey aurora ano mga room types lang,rooms,"Aurora offers Standard, Deluxe, Suite, Villa, and Cabin accommodations."
hi po today,greeting,"Hello! Welcome to Aurora. I can help with rooms, amenities, prices, or reservations."
hey aurora good afternoon lang,greeting,"Hello! Welcome to Aurora. I can help with rooms, amenities, prices, or reservations."
aurora do you have suite ngayon,rooms,"Aurora offers Standard, Deluxe, Suite, Villa, and Cabin accommodations."
please magkano per night tonight,price,Room prices vary depending on room type and dates. Standard rooms are usually the most affordable.
hello aurora may rooms ba kayo please,rooms,"Aurora offers Standard, Deluxe, Suite, Villa, and Cabin accommodations."
please ano ibig sabihin po,fallback,"I might not have the exact answer for that, but I can help with rooms, amenities, prices, or reservations."
hello aurora how to book po,reservation,"To reserve a room: sign in, open the Rooms page, choose your room and dates, then confirm the reservation."
can you random question,fallback,"I might not have the exact answer for that, but I can help with rooms, amenities, prices, or reservations."
pde hi ngayon,greeting,"Hello! Welcome to Aurora. I can help with rooms, amenities, prices, or reservations."
pwede hi lang,greeting,"Hello! Welcome to Aurora. I can help with rooms, amenities, prices, or reservations."
hello aurora near airport ngayon,location,"For the exact address and directions, please check the Aurora website location page or contact the front desk."
aurora what kind of rooms ngayon,rooms,"Aurora offers Standard, Deluxe, Suite, Villa, and Cabin accommodations."
pde distance city please,location,"For the exact address and directions, please check the Aurora website location page or contact the front desk."
hello aurora book room,reservation,"To reserve a room: sign in, open the Rooms page, choose your room and dates, then confirm the reservation."
can you check in time,policy,Policies depend on availability and room type. Please confirm specific requests with the front desk.
hello aurora magkano per night today,price,Room prices vary depending on room type and dates. Standard rooms are usually the most affordable.
aurora check out time tomorrow,policy,Policies depend on availability and room type. Please confirm specific requests with the front desk.
aurora suite price today,price,Room prices vary depending on room type and dates. Standard rooms are usually the most affordable.
restaurant available please,amenities,"Aurora amenities include Sky Infinity Pool, Zen Wellness Studio gym, Lumina Dining restaurant, parking, and complimentary WiFi."
balcony request tomorrow,policy,Policies depend on availability and room type. Please confirm specific requests with the front desk.
can you cheap room option pls,price,Room prices vary depending on room type and dates. Standard rooms are usually the most affordable.
can i check in early pls,policy,Policies depend on availability and room type. Please confirm specific requests with the front desk.
late checkout ngayon,policy,Policies depend on availability and room type. Please confirm specific requests with the front desk.
aurora magkano per night tomorrow,price,Room prices vary depending on room type and dates. Standard rooms are usually the most affordable.
pls book room tomorrow,reservation,"To reserve a room: sign in, open the Rooms page, choose your room and dates, then confirm the reservation."
pde how to get there,location,"For the exact address and directions, please check the Aurora website location page or contact the front desk."
can you room preference tonight,policy,Policies depend on availability and room type. Please confirm specific requests with the front desk.
pde suggest room today,recommendation,"Tell me the number of guests, nights, and your budget so I can recommend the best room option."
aurora room for family pls,recommendation,"Tell me the number of guests, nights, and your budget so I can recommend the best room option."
please book room ngayon,reservation,"To reserve a room: sign in, open the Rooms page, choose your room and dates, then confirm the reservation."
hey aurora distance city po,location,"For the exact address and directions, please check the Aurora website location page or contact the front desk."
please cheap room suggestion po,recommendation,"Tell me the number of guests, nights, and your budget so I can recommend the best room option."
hello aurora best room for couple tomorrow,recommendation,"Tell me the number of guests, nights, and your budget so I can recommend the best room option."
aurora hotel policy today,policy,Policies depend on availability and room type. Please confirm specific requests with the front desk.
hey aurora help booking po,reservation,"To reserve a room: sign in, open the Rooms page, choose your room and dates, then confirm the reservation."
pde what rooms do you have,rooms,"Aurora offers Standard, Deluxe, Suite, Villa, and Cabin accommodations."
hey aurora booking steps tomorrow,reservation,"To reserve a room: sign in, open the Rooms page, choose your room and dates, then confirm the reservation."
near airport ngayon,location,"For the exact address and directions, please check the Aurora website location page or contact the front desk."
hey aurora hello po today,greeting,"Hello! Welcome to Aurora. I can help with rooms, amenities, prices, or reservations."
pls where is aurora pls,location,"For the exact address and directions, please check the Aurora website location page or contact the front desk."
hey aurora near airport tomorrow,location,"For the exact address and directions, please check the Aurora website location page or contact the front desk."
please kids allowed ngayon,policy,Policies depend on availability and room type. Please confirm specific requests with the front desk.
hey aurora room suggestion please po,recommendation,"Tell me the number of guests, nights, and your budget so I can recommend the best room option."
reserve tomorrow,reservation,"To reserve a room: sign in, open the Rooms page, choose your room and dates, then confirm the reservation."
pde good afternoon pls,greeting,"Hello! Welcome to Aurora. I can help with rooms, amenities, prices, or reservations."
please check out time tomorrow,policy,Policies depend on availability and room type. Please confirm specific requests with the front desk.
pls tell me room options,rooms,"Aurora offers Standard, Deluxe, Suite, Villa, and Cabin accommodations."
hey aurora good day,greeting,"Hello! Welcome to Aurora. I can help with rooms, amenities, prices, or reservations."
hello aurora show me rooms tonight,rooms,"Aurora offers Standard, Deluxe, Suite, Villa, and Cabin accommodations."
can you random question ngayon,fallback,"I might not have the exact answer for that, but I can help with rooms, amenities, prices, or reservations."
pls hi aurora please,greeting,"Hello! Welcome to Aurora. I can help with rooms, amenities, prices, or reservations."
hotel policy please,policy,Policies depend on availability and room type. Please confirm specific requests with the front desk.
pls good afternoon,greeting,"Hello! Welcome to Aurora. I can help with rooms, amenities, prices, or reservations."
aurora magkano room tomorrow,price,Room prices vary depending on room type and dates. Standard rooms are usually the most affordable.
pls is pool free please,amenities,"Aurora amenities include Sky Infinity Pool, Zen Wellness Studio gym, Lumina Dining restaurant, parking, and complimentary WiFi."
can you booking steps,reservation,"To reserve a room: sign in, open the Rooms page, choose your room and dates, then confirm the reservation."
can you magkano per night lang,price,Room prices vary depending on room type and dates. Standard rooms are usually the most affordable.
aurora wifi details tonight,amenities,"Aurora amenities include Sky Infinity Pool, Zen Wellness Studio gym, Lumina Dining restaurant, parking, and complimentary WiFi."
pwede check out time ngayon,policy,Policies depend on availability and room type. Please confirm specific requests with the front desk.
can you available rooms lang,rooms,"Aurora offers Standard, Deluxe, Suite, Villa, and Cabin accommodations."
hey aurora hi po,greeting,"Hello! Welcome to Aurora. I can help with rooms, amenities, prices, or reservations."
please hello there,greeting,"Hello! Welcome to Aurora. I can help with rooms, amenities, prices, or reservations."
pde hello again tomorrow,greeting,"Hello! Welcome to Aurora. I can help with rooms, amenities, prices, or reservations."
can you hotel location lang,location,"For the exact address and directions, please check the Aurora website location page or contact the front desk."
location of hotel please,location,"For the exact address and directions, please check the Aurora website location page or contact the front desk."
pde check in time please,policy,Policies depend on availability and room type. Please confirm specific requests with the front desk.
aurora may rooms ba kayo tonight,rooms,"Aurora offers Standard, Deluxe, Suite, Villa, and Cabin accommodations."
hello aurora how do i reserve tonight,reservation,"To reserve a room: sign in, open the Rooms page, choose your room and dates, then confirm the reservation."
pwede check out time tomorrow,policy,Policies depend on availability and room type. Please confirm specific requests with the front desk.
pwede magkano room lang,price,Room prices vary depending on room type and dates. Standard rooms are usually the most affordable.
pls hello there,greeting,"Hello! Welcome to Aurora. I can help with rooms, amenities, prices, or reservations."
pls cheap room suggestion,recommendation,"Tell me the number of guests, nights, and your budget so I can recommend the best room option."
booking steps lang,reservation,"To reserve a room: sign in, open the Rooms page, choose your room and dates, then confirm the reservation."
pde can i book now tomorrow,reservation,"To reserve a room: sign in, open the Rooms page, choose your room and dates, then confirm the reservation."
pde cheap room option tomorrow,price,Room prices vary depending on room type and dates. Standard rooms are usually the most affordable.
aurora show me rooms,rooms,"Aurora offers Standard, Deluxe, Suite, Villa, and Cabin accommodations."
pde restaurant available please,amenities,"Aurora amenities include Sky Infinity Pool, Zen Wellness Studio gym, Lumina Dining restaurant, parking, and complimentary WiFi."
aurora where is aurora tomorrow,location,"For the exact address and directions, please check the Aurora website location page or contact the front desk."
can you room price tonight,price,Room prices vary depending on room type and dates. Standard rooms are usually the most affordable.
can you i dont understand lang,fallback,"I might not have the exact answer for that, but I can help with rooms, amenities, prices, or reservations."
aurora extra bed request lang,policy,Policies depend on availability and room type. Please confirm specific requests with the front desk.
pwede hotel location today,location,"For the exact address and directions, please check the Aurora website location page or contact the front desk."
can you do you have pool please,amenities,"Aurora amenities include Sky Infinity Pool, Zen Wellness Studio gym, Lumina Dining restaurant, parking, and complimentary WiFi."
pls book room today,reservation,"To reserve a room: sign in, open the Rooms page, choose your room and dates, then confirm the reservation."
aurora hey aurora,greeting,"Hello! Welcome to Aurora. I can help with rooms, amenities, prices, or reservations."
hotel policy pls,policy,Policies depend on availability and room type. Please confirm specific requests with the front desk.
pde room list please tonight,rooms,"Aurora offers Standard, Deluxe, Suite, Villa, and Cabin accommodations."
hello aurora hello lang,greeting,"Hello! Welcome to Aurora. I can help with rooms, amenities, prices, or reservations."
can you how much is room ngayon,price,Room prices vary depending on room type and dates. Standard rooms are usually the most affordable.
pls prce room tomorrow,price,Room prices vary depending on room type and dates. Standard rooms are usually the most affordable.
pwede may cabin ba tomorrow,rooms,"Aurora offers Standard, Deluxe, Suite, Villa, and Cabin accommodations."
pde reserve room today,reservation,"To reserve a room: sign in, open the Rooms page, choose your room and dates, then confirm the reservation."
hey aurora please,greeting,"Hello! Welcome to Aurora. I can help with rooms, amenities, prices, or reservations."
aurora hello there po,greeting,"Hello! Welcome to Aurora. I can help with rooms, amenities, prices, or reservations."
room for 4 guests lang,recommendation,"Tell me the number of guests, nights, and your budget so I can recommend the best room option."
can you map location ngayon,location,"For the exact address and directions, please check the Aurora website location page or contact the front desk."
room price po,price,Room prices vary depending on room type and dates. Standard rooms are usually the most affordable.
can you check in time po,policy,Policies depend on availability and room type. Please confirm specific requests with the front desk.
hello aurora hello again please,greeting,"Hello! Welcome to Aurora. I can help with rooms, amenities, prices, or reservations."
hey aurora yo aurora pls,greeting,"Hello! Welcome to Aurora. I can help with rooms, amenities, prices, or reservations."
aurora do you have suite pls,rooms,"Aurora offers Standard, Deluxe, Suite, Villa, and Cabin accommodations."
something random,fallback,"I might not have the exact answer for that, but I can help with rooms, amenities, prices, or reservations."
hello aurora late checkout today,policy,Policies depend on availability and room type. Please confirm specific requests with the front desk.
can you deluxe price,price,Room prices vary depending on room type and dates. Standard rooms are usually the most affordable.
pwede random question tonight,fallback,"I might not have the exact answer for that, but I can help with rooms, amenities, prices, or reservations."
pde hello po,greeting,"Hello! Welcome to Aurora. I can help with rooms, amenities, prices, or reservations."
hello aurora gym available,amenities,"Aurora amenities include Sky Infinity Pool, Zen Wellness Studio gym, Lumina Dining restaurant, parking, and complimentary WiFi."
booking steps today,reservation,"To reserve a room: sign in, open the Rooms page, choose your room and dates, then confirm the reservation."
please how to book today,reservation,"To reserve a room: sign in, open the Rooms page, choose your room and dates, then confirm the reservation."
pwede budget room,price,Room prices vary depending on room type and dates. Standard rooms are usually the most affordable.
can you book room tomorrow,reservation,"To reserve a room: sign in, open the Rooms page, choose your room and dates, then confirm the reservation."
please room suggestion please please,recommendation,"Tell me the number of guests, nights, and your budget so I can recommend the best room option."
magkano per night,price,Room prices vary depending on room type and dates. Standard rooms are usually the most affordable.
pde good afternoon pls,greeting,"Hello! Welcome to Aurora. I can help with rooms, amenities, prices, or reservations."
where is aurora pls,location,"For the exact address and directions, please check the Aurora website location page or contact the front desk."
pls hey aurora today,greeting,"Hello! Welcome to Aurora. I can help with rooms, amenities, prices, or reservations."
suggest room tonight,recommendation,"Tell me the number of guests, nights, and your budget so I can recommend the best room option."
pde rooom price tomorrow,price,Room prices vary depending on room type and dates. Standard rooms are usually the most affordable.
please what amenities tonight,amenities,"Aurora amenities include Sky Infinity Pool, Zen Wellness Studio gym, Lumina Dining restaurant, parking, and complimentary WiFi."
please amenities list tomorrow,amenities,"Aurora amenities include Sky Infinity Pool, Zen Wellness Studio gym, Lumina Dining restaurant, parking, and complimentary WiFi."
pwede room typess tomorrow,rooms,"Aurora offers Standard, Deluxe, Suite, Villa, and Cabin accommodations."
aurora price per night pls,price,Room prices vary depending on room type and dates. Standard rooms are usually the most affordable.
extra bed request today,policy,Policies depend on availability and room type. Please confirm specific requests with the front desk.
hey aurora may villa ba,rooms,"Aurora offers Standard, Deluxe, Suite, Villa, and Cabin accommodations."
near airport please,location,"For the exact address and directions, please check the Aurora website location page or contact the front desk."
pls cheapest room please,price,Room prices vary depending on room type and dates. Standard rooms are usually the most affordable.
hey aurora cheap room suggestion please,recommendation,"Tell me the number of guests, nights, and your budget so I can recommend the best room option."
hey aurora hm room pls,price,Room prices vary depending on room type and dates. Standard rooms are usually the most affordable.
may rooms ba kayo pls,rooms,"Aurora offers Standard, Deluxe, Suite, Villa, and Cabin accommodations."
hello aurora tell me more tonight,fallback,"I might not have the exact answer for that, but I can help with rooms, amenities, prices, or reservations."
what if aliens visit please,fallback,"I might not have the exact answer for that, but I can help with rooms, amenities, prices, or reservations."
good evening please,greeting,"Hello! Welcome to Aurora. I can help with rooms, amenities, prices, or reservations."
pls how do i reserve ngayon,reservation,"To reserve a room: sign in, open the Rooms page, choose your room and dates, then confirm the reservation."
how to book please,reservation,"To reserve a room: sign in, open the Rooms page, choose your room and dates, then confirm the reservation."
please room preference,policy,Policies depend on availability and room type. Please confirm specific requests with the front desk.
parking available ngayon,amenities,"Aurora amenities include Sky Infinity Pool, Zen Wellness Studio gym, Lumina Dining restaurant, parking, and complimentary WiFi."
how to book,reservation,"To reserve a room: sign in, open the Rooms page, choose your room and dates, then confirm the reservation."
pls hi today,greeting,"Hello! Welcome to Aurora. I can help with rooms, amenities, prices, or reservations."
please room for family please,recommendation,"Tell me the number of guests, nights, and your budget so I can recommend the best room option."
hey aurora room price po,price,Room prices vary depending on room type and dates. Standard rooms are usually the most affordable.
can you good evening,greeting,"Hello! Welcome to Aurora. I can help with rooms, amenities, prices, or reservations."
hey aurora po,greeting,"Hello! Welcome to Aurora. I can help with rooms, amenities, prices, or reservations."
aurora show me rooms po,rooms,"Aurora offers Standard, Deluxe, Suite, Villa, and Cabin accommodations."
can you may wifi ba po,amenities,"Aurora amenities include Sky Infinity Pool, Zen Wellness Studio gym, Lumina Dining restaurant, parking, and complimentary WiFi."
pwede where is aurora lang,location,"For the exact address and directions, please check the Aurora website location page or contact the front desk."
book room today,reservation,"To reserve a room: sign in, open the Rooms page, choose your room and dates, then confirm the reservation."
can you what rooms do you have today,rooms,"Aurora offers Standard, Deluxe, Suite, Villa, and Cabin accommodations."
pls kamusta today,greeting,"Hello! Welcome to Aurora. I can help with rooms, amenities, prices, or reservations."
something random tonight,fallback,"I might not have the exact answer for that, but I can help with rooms, amenities, prices, or reservations."
pls is pool free tonight,amenities,"Aurora amenities include Sky Infinity Pool, Zen Wellness Studio gym, Lumina Dining restaurant, parking, and complimentary WiFi."
pwede how much is room tomorrow,price,Room prices vary depending on room type and dates. Standard rooms are usually the most affordable.
please budget room pls,price,Room prices vary depending on room type and dates. Standard rooms are usually the most affordable.
pwede hi assistant today,greeting,"Hello! Welcome to Aurora. I can help with rooms, amenities, prices, or reservations."
hello aurora room price tonight,price,Room prices vary depending on room type and dates. Standard rooms are usually the most affordable.
pls paano mag reserve ngayon,reservation,"To reserve a room: sign in, open the Rooms page, choose your room and dates, then confirm the reservation."
please hi po tonight,greeting,"Hello! Welcome to Aurora. I can help with rooms, amenities, prices, or reservations."
please amenities list po,amenities,"Aurora amenities include Sky Infinity Pool, Zen Wellness Studio gym, Lumina Dining restaurant, parking, and complimentary WiFi."
please check in time po,policy,Policies depend on availability and room type. Please confirm specific requests with the front desk.
pde i dont understand today,fallback,"I might not have the exact answer for that, but I can help with rooms, amenities, prices, or reservations."
price per night,price,Room prices vary depending on room type and dates. Standard rooms are usually the most affordable.
can you booking steps tomorrow,reservation,"To reserve a room: sign in, open the Rooms page, choose your room and dates, then confirm the reservation."
location of hotel pls,location,"For the exact address and directions, please check the Aurora website location page or contact the front desk."
hey aurora i dont understand,fallback,"I might not have the exact answer for that, but I can help with rooms, amenities, prices, or reservations."
aurora magkano room,price,Room prices vary depending on room type and dates. Standard rooms are usually the most affordable.
pde good day tomorrow,greeting,"Hello! Welcome to Aurora. I can help with rooms, amenities, prices, or reservations."
pde how to get there today,location,"For the exact address and directions, please check the Aurora website location page or contact the front desk."
hey aurora ano ibig sabihin tonight,fallback,"I might not have the exact answer for that, but I can help with rooms, amenities, prices, or reservations."
pde what if aliens visit today,fallback,"I might not have the exact answer for that, but I can help with rooms, amenities, prices, or reservations."
aurora hey aurora pls,greeting,"Hello! Welcome to Aurora. I can help with rooms, amenities, prices, or reservations."
hotel policy,policy,Policies depend on availability and room type. Please confirm specific requests with the front desk.
suite price po,price,Room prices vary depending on room type and dates. Standard rooms are usually the most affordable.
hello aurora magkano room today,price,Room prices vary depending on room type and dates. Standard rooms are usually the most affordable.
aurora good afternoon,greeting,"Hello! Welcome to Aurora. I can help with rooms, amenities, prices, or reservations."
pwede check in time,policy,Policies depend on availability and room type. Please confirm specific requests with the front desk.
kamusta lang,greeting,"Hello! Welcome to Aurora. I can help with rooms, amenities, prices, or reservations."
hey aurora distance city tonight,location,"For the exact address and directions, please check the Aurora website location page or contact the front desk."
please something random tomorrow,fallback,"I might not have the exact answer for that, but I can help with rooms, amenities, prices, or reservations."
ano ibig sabihin tomorrow,fallback,"I might not have the exact answer for that, but I can help with rooms, amenities, prices, or reservations."
pde where is aurora please,location,"For the exact address and directions, please check the Aurora website location page or contact the front desk."
room list please tomorrow,rooms,"Aurora offers Standard, Deluxe, Suite, Villa, and Cabin accommodations."
can you booking steps,reservation,"To reserve a room: sign in, open the Rooms page, choose your room and dates, then confirm the reservation."
aurora book tonight ngayon,reservation,"To reserve a room: sign in, open the Rooms page, choose your room and dates, then confirm the reservation."
pwede hi aurora,greeting,"Hello! Welcome to Aurora. I can help with rooms, amenities, prices, or reservations."
can you what if aliens visit ngayon,fallback,"I might not have the exact answer for that, but I can help with rooms, amenities, prices, or reservations."
can you kids allowed lang,policy,Policies depend on availability and room type. Please confirm specific requests with the front desk.
do you like pizza,fallback,"I might not have the exact answer for that, but I can help with rooms, amenities, prices, or reservations."
hello aurora hello again today,greeting,"Hello! Welcome to Aurora. I can help with rooms, amenities, prices, or reservations."
pwede may wifi ba,amenities,"Aurora amenities include Sky Infinity Pool, Zen Wellness Studio gym, Lumina Dining restaurant, parking, and complimentary WiFi."
prce room lang,price,Room prices vary depending on room type and dates. Standard rooms are usually the most affordable.
pwede late checkout,policy,Policies depend on availability and room type. Please confirm specific requests with the front desk.
pde room for 4 guests please,recommendation,"Tell me the number of guests, nights, and your budget so I can recommend the best room option."
hey aurora do you like pizza tomorrow,fallback,"I might not have the exact answer for that, but I can help with rooms, amenities, prices, or reservations."
please map location,location,"For the exact address and directions, please check the Aurora website location page or contact the front desk."
pwede do you have pool po,amenities,"Aurora amenities include Sky Infinity Pool, Zen Wellness Studio gym, Lumina Dining restaurant, parking, and complimentary WiFi."
pwede can i book now ngayon,reservation,"To reserve a room: sign in, open the Rooms page, choose your room and dates, then confirm the reservation."
facilities list ngayon,amenities,"Aurora amenities include Sky Infinity Pool, Zen Wellness Studio gym, Lumina Dining restaurant, parking, and complimentary WiFi."
do you like pizza please,fallback,"I might not have the exact answer for that, but I can help with rooms, amenities, prices, or reservations."
can you check in time po,policy,Policies depend on availability and room type. Please confirm specific requests with the front desk.
aurora pwede mag book po,reservation,"To reserve a room: sign in, open the Rooms page, choose your room and dates, then confirm the reservation."
please pool details tomorrow,amenities,"Aurora amenities include Sky Infinity Pool, Zen Wellness Studio gym, Lumina Dining restaurant, parking, and complimentary WiFi."
please pwede mag book,reservation,"To reserve a room: sign in, open the Rooms page, choose your room and dates, then confirm the reservation."
aurora prce room,price,Room prices vary depending on room type and dates. Standard rooms are usually the most affordable.
please good afternoon,greeting,"Hello! Welcome to Aurora. I can help with rooms, amenities, prices, or reservations."
aurora hi assistant pls,greeting,"Hello! Welcome to Aurora. I can help with rooms, amenities, prices, or reservations."
aurora magkano per night lang,price,Room prices vary depending on room type and dates. Standard rooms are usually the most affordable.
please kids allowed tonight,policy,Policies depend on availability and room type. Please confirm specific requests with the front desk.
please how to get there today,location,"For the exact address and directions, please check the Aurora website location page or contact the front desk."
pwede what if aliens visit pls,fallback,"I might not have the exact answer for that, but I can help with rooms, amenities, prices, or reservations."
hi assistant lang,greeting,"Hello! Welcome to Aurora. I can help with rooms, amenities, prices, or reservations."
sup aurora ngayon,greeting,"Hello! Welcome to Aurora. I can help with rooms, amenities, prices, or reservations."
pde prce room please,price,Room prices vary depending on room type and dates. Standard rooms are usually the most affordable.
pwede hey aurora please,greeting,"Hello! Welcome to Aurora. I can help with rooms, amenities, prices, or reservations."
can you cheap room option please,price,Room prices vary depending on room type and dates. Standard rooms are usually the most affordable.
please good morning ngayon,greeting,"Hello! Welcome to Aurora. I can help with rooms, amenities, prices, or reservations."
hello aurora hotel policy ngayon,policy,Policies depend on availability and room type. Please confirm specific requests with the front desk.
aurora hello po today,greeting,"Hello! Welcome to Aurora. I can help with rooms, amenities, prices, or reservations."
pde budget room ngayon,price,Room prices vary depending on room type and dates. Standard rooms are usually the most affordable.
pwede something random ngayon,fallback,"I might not have the exact answer for that, but I can help with rooms, amenities, prices, or reservations."
pls hi assistant lang,greeting,"Hello! Welcome to Aurora. I can help with rooms, amenities, prices, or reservations."
aurora budget room po,price,Room prices vary depending on room type and dates. Standard rooms are usually the most affordable.
pde balcony request pls,policy,Policies depend on availability and room type. Please confirm specific requests with the front desk.
pls pool details,amenities,"Aurora amenities include Sky Infinity Pool, Zen Wellness Studio gym, Lumina Dining restaurant, parking, and complimentary WiFi."
pde check in time pls,policy,Policies depend on availability and room type. Please confirm specific requests with the front desk.
tell me room options,rooms,"Aurora offers Standard, Deluxe, Suite, Villa, and Cabin accommodations."
pde pwede mag book tonight,reservation,"To reserve a room: sign in, open the Rooms page, choose your room and dates, then confirm the reservation."
pls hey today,greeting,"Hello! Welcome to Aurora. I can help with rooms, amenities, prices, or reservations."
please yo aurora,greeting,"Hello! Welcome to Aurora. I can help with rooms, amenities, prices, or reservations."
wifi details today,amenities,"Aurora amenities include Sky Infinity Pool, Zen Wellness Studio gym, Lumina Dining restaurant, parking, and complimentary WiFi."
please location of hotel pls,location,"For the exact address and directions, please check the Aurora website location page or contact the front desk."
please available rooms please,rooms,"Aurora offers Standard, Deluxe, Suite, Villa, and Cabin accommodations."
pls do you have gym today,amenities,"Aurora amenities include Sky Infinity Pool, Zen Wellness Studio gym, Lumina Dining restaurant, parking, and complimentary WiFi."
hello aurora pwede mag book please,reservation,"To reserve a room: sign in, open the Rooms page, choose your room and dates, then confirm the reservation."
can you budget room pls,price,Room prices vary depending on room type and dates. Standard rooms are usually the most affordable.
hey aurora may rooms ba kayo,rooms,"Aurora offers Standard, Deluxe, Suite, Villa, and Cabin accommodations."
can you hi assistant pls,greeting,"Hello! Welcome to Aurora. I can help with rooms, amenities, prices, or reservations."
pde address today,location,"For the exact address and directions, please check the Aurora website location page or contact the front desk."
best room for couple,recommendation,"Tell me the number of guests, nights, and your budget so I can recommend the best room option."
please hi assistant pls,greeting,"Hello! Welcome to Aurora. I can help with rooms, amenities, prices, or reservations."
recommend room,recommendation,"Tell me the number of guests, nights, and your budget so I can recommend the best room option."
hey aurora hi tomorrow,greeting,"Hello! Welcome to Aurora. I can help with rooms, amenities, prices, or reservations."
aurora reserve room now,reservation,"To reserve a room: sign in, open the Rooms page, choose your room and dates, then confirm the reservation."
reserve room today,reservation,"To reserve a room: sign in, open the Rooms page, choose your room and dates, then confirm the reservation."
hello aurora facilities list po,amenities,"Aurora amenities include Sky Infinity Pool, Zen Wellness Studio gym, Lumina Dining restaurant, parking, and complimentary WiFi."
pwede tell me more tomorrow,fallback,"I might not have the exact answer for that, but I can help with rooms, amenities, prices, or reservations."
aurora wifi details today,amenities,"Aurora amenities include Sky Infinity Pool, Zen Wellness Studio gym, Lumina Dining restaurant, parking, and complimentary WiFi."
pde how do i reserve pls,reservation,"To reserve a room: sign in, open the Rooms page, choose your room and dates, then confirm the reservation."
can you distance city,location,"For the exact address and directions, please check the Aurora website location page or contact the front desk."
hey aurora pwede mag book lang,reservation,"To reserve a room: sign in, open the Rooms page, choose your room and dates, then confirm the reservation."
pwede can i book now,reservation,"To reserve a room: sign in, open the Rooms page, choose your room and dates, then confirm the reservation."
please rooom price,price,Room prices vary depending on room type and dates. Standard rooms are usually the most affordable.
hello aurora may wifi ba ngayon,amenities,"Aurora amenities include Sky Infinity Pool, Zen Wellness Studio gym, Lumina Dining restaurant, parking, and complimentary WiFi."
pwede distance city please,location,"For the exact address and directions, please check the Aurora website location page or contact the front desk."
pde book room today,reservation,"To reserve a room: sign in, open the Rooms page, choose your room and dates, then confirm the reservation."
please sup aurora po,greeting,"Hello! Welcome to Aurora. I can help with rooms, amenities, prices, or reservations."
hey aurora list rooms available lang,rooms,"Aurora offers Standard, Deluxe, Suite, Villa, and Cabin accommodations."
pwede hello again po,greeting,"Hello! Welcome to Aurora. I can help with rooms, amenities, prices, or reservations."
please blah blah please,fallback,"I might not have the exact answer for that, but I can help with rooms, amenities, prices, or reservations."
please check in time po,policy,Policies depend on availability and room type. Please confirm specific requests with the front desk.
can you suite price po,price,Room prices vary depending on room type and dates. Standard rooms are usually the most affordable.
please something random please,fallback,"I might not have the exact answer for that, but I can help with rooms, amenities, prices, or reservations."
pwede hey aurora,greeting,"Hello! Welcome to Aurora. I can help with rooms, amenities, prices, or reservations."
pde address,location,"For the exact address and directions, please check the Aurora website location page or contact the front desk."
hello aurora kumusta tonight,greeting,"Hello! Welcome to Aurora. I can help with rooms, amenities, prices, or reservations."
hey aurora deluxe price lang,price,Room prices vary depending on room type and dates. Standard rooms are usually the most affordable.
aurora how much is room pls,price,Room prices vary depending on room type and dates. Standard rooms are usually the most affordable.
pde restaurant available lang,amenities,"Aurora amenities include Sky Infinity Pool, Zen Wellness Studio gym, Lumina Dining restaurant, parking, and complimentary WiFi."
hey aurora hello lang,greeting,"Hello! Welcome to Aurora. I can help with rooms, amenities, prices, or reservations."
pwede hello there please,greeting,"Hello! Welcome to Aurora. I can help with rooms, amenities, prices, or reservations."
hello aurora random question today,fallback,"I might not have the exact answer for that, but I can help with rooms, amenities, prices, or reservations."
please explain again po,fallback,"I might not have the exact answer for that, but I can help with rooms, amenities, prices, or reservations."
aurora good afternoon po,greeting,"Hello! Welcome to Aurora. I can help with rooms, amenities, prices, or reservations."
hey aurora show me rooms lang,rooms,"Aurora offers Standard, Deluxe, Suite, Villa, and Cabin accommodations."
pwede kumusta lang,greeting,"Hello! Welcome to Aurora. I can help with rooms, amenities, prices, or reservations."
hey aurora room for 4 guests please,recommendation,"Tell me the number of guests, nights, and your budget so I can recommend the best room option."
hello aurora good evening please,greeting,"Hello! Welcome to Aurora. I can help with rooms, amenities, prices, or reservations."
pde good evening,greeting,"Hello! Welcome to Aurora. I can help with rooms, amenities, prices, or reservations."
hey aurora gym available please,amenities,"Aurora amenities include Sky Infinity Pool, Zen Wellness Studio gym, Lumina Dining restaurant, parking, and complimentary WiFi."
pls check in time tomorrow,policy,Policies depend on availability and room type. Please confirm specific requests with the front desk.
pde magkano room please,price,Room prices vary depending on room type and dates. Standard rooms are usually the most affordable.
hello aurora paano mag reserve tomorrow,reservation,"To reserve a room: sign in, open the Rooms page, choose your room and dates, then confirm the reservation."
pls room suggestion please today,recommendation,"Tell me the number of guests, nights, and your budget so I can recommend the best room option."
room for 4 guests tonight,recommendation,"Tell me the number of guests, nights, and your budget so I can recommend the best room option."
can you booking steps tomorrow,reservation,"To reserve a room: sign in, open the Rooms page, choose your room and dates, then confirm the reservation."
please pwede mag book tonight,reservation,"To reserve a room: sign in, open the Rooms page, choose your room and dates, then confirm the reservation."
can you map location please,location,"For the exact address and directions, please check the Aurora website location page or contact the front desk."
hey aurora good evening pls,greeting,"Hello! Welcome to Aurora. I can help with rooms, amenities, prices, or reservations."
hello aurora rooom types lang,rooms,"Aurora offers Standard, Deluxe, Suite, Villa, and Cabin accommodations."
do you have pool ngayon,amenities,"Aurora amenities include Sky Infinity Pool, Zen Wellness Studio gym, Lumina Dining restaurant, parking, and complimentary WiFi."
pde recommend good room pls,recommendation,"Tell me the number of guests, nights, and your budget so I can recommend the best room option."
pde cheapest room tonight,price,Room prices vary depending on room type and dates. Standard rooms are usually the most affordable.
please how to book tonight,reservation,"To reserve a room: sign in, open the Rooms page, choose your room and dates, then confirm the reservation."
hello again ngayon,greeting,"Hello! Welcome to Aurora. I can help with rooms, amenities, prices, or reservations."
aurora location of hotel ngayon,location,"For the exact address and directions, please check the Aurora website location page or contact the front desk."
can you price ng room lang,price,Room prices vary depending on room type and dates. Standard rooms are usually the most affordable.
pwede hm room pls,price,Room prices vary depending on room type and dates. Standard rooms are usually the most affordable.
aurora recommend room,recommendation,"Tell me the number of guests, nights, and your budget so I can recommend the best room option."
pde deluxe price tomorrow,price,Room prices vary depending on room type and dates. Standard rooms are usually the most affordable.
pwede map location,location,"For the exact address and directions, please check the Aurora website location page or contact the front desk."
please recommend good room pls,recommendation,"Tell me the number of guests, nights, and your budget so I can recommend the best room option."
can you hotel location po,location,"For the exact address and directions, please check the Aurora website location page or contact the front desk."
hey aurora paano mag reserve po,reservation,"To reserve a room: sign in, open the Rooms page, choose your room and dates, then confirm the reservation."
aurora hotel location ngayon,location,"For the exact address and directions, please check the Aurora website location page or contact the front desk."
pde where is aurora,location,"For the exact address and directions, please check the Aurora website location page or contact the front desk."
what if aliens visit today,fallback,"I might not have the exact answer for that, but I can help with rooms, amenities, prices, or reservations."
hey aurora hi aurora please,greeting,"Hello! Welcome to Aurora. I can help with rooms, amenities, prices, or reservations."
hello aurora what kind of rooms pls,rooms,"Aurora offers Standard, Deluxe, Suite, Villa, and Cabin accommodations."
hey aurora what amenities,amenities,"Aurora amenities include Sky Infinity Pool, Zen Wellness Studio gym, Lumina Dining restaurant, parking, and complimentary WiFi."
blah blah ngayon,fallback,"I might not have the exact answer for that, but I can help with rooms, amenities, prices, or reservations."
please hey aurora please,greeting,"Hello! Welcome to Aurora. I can help with rooms, amenities, prices, or reservations."
hello there today,greeting,"Hello! Welcome to Aurora. I can help with rooms, amenities, prices, or reservations."
please room suggestion please pls,recommendation,"Tell me the number of guests, nights, and your budget so I can recommend the best room option."
hello aurora amenities list,amenities,"Aurora amenities include Sky Infinity Pool, Zen Wellness Studio gym, Lumina Dining restaurant, parking, and complimentary WiFi."
cheapest room please,price,Room prices vary depending on room type and dates. Standard rooms are usually the most affordable.
pwede is pool free today,amenities,"Aurora amenities include Sky Infinity Pool, Zen Wellness Studio gym, Lumina Dining restaurant, parking, and complimentary WiFi."
pls map location today,location,"For the exact address and directions, please check the Aurora website location page or contact the front desk."
pwede hello po tonight,greeting,"Hello! Welcome to Aurora. I can help with rooms, amenities, prices, or reservations."
pls distance city today,location,"For the exact address and directions, please check the Aurora website location page or contact the front desk."
booking steps tomorrow,reservation,"To reserve a room: sign in, open the Rooms page, choose your room and dates, then confirm the reservation."
pde do you like pizza tonight,fallback,"I might not have the exact answer for that, but I can help with rooms, amenities, prices, or reservations."
hey,greeting,"Hello! Welcome to Aurora. I can help with rooms, amenities, prices, or reservations."
pwede what rooms do you have,rooms,"Aurora offers Standard, Deluxe, Suite, Villa, and Cabin accommodations."
hello aurora room price,price,Room prices vary depending on room type and dates. Standard rooms are usually the most affordable.
tell me more ngayon,fallback,"I might not have the exact answer for that, but I can help with rooms, amenities, prices, or reservations."
please suggest room tonight,recommendation,"Tell me the number of guests, nights, and your budget so I can recommend the best room option."
hey aurora hello again please,greeting,"Hello! Welcome to Aurora. I can help with rooms, amenities, prices, or reservations."
please hey please,greeting,"Hello! Welcome to Aurora. I can help with rooms, amenities, prices, or reservations."
can you amenities list today,amenities,"Aurora amenities include Sky Infinity Pool, Zen Wellness Studio gym, Lumina Dining restaurant, parking, and complimentary WiFi."
pls can i book now pls,reservation,"To reserve a room: sign in, open the Rooms page, choose your room and dates, then confirm the reservation."
aurora parking available please,amenities,"Aurora amenities include Sky Infinity Pool, Zen Wellness Studio gym, Lumina Dining restaurant, parking, and complimentary WiFi."
pde prce room pls,price,Room prices vary depending on room type and dates. Standard rooms are usually the most affordable.
hotel policy,policy,Policies depend on availability and room type. Please confirm specific requests with the front desk.
aurora hi po please,greeting,"Hello! Welcome to Aurora. I can help with rooms, amenities, prices, or reservations."
aurora location of hotel tonight,location,"For the exact address and directions, please check the Aurora website location page or contact the front desk."
pls suggest room tomorrow,recommendation,"Tell me the number of guests, nights, and your budget so I can recommend the best room option."
pde wifi details lang,amenities,"Aurora amenities include Sky Infinity Pool, Zen Wellness Studio gym, Lumina Dining restaurant, parking, and complimentary WiFi."
pwede good morning today,greeting,"Hello! Welcome to Aurora. I can help with rooms, amenities, prices, or reservations."
pls reserve room,reservation,"To reserve a room: sign in, open the Rooms page, choose your room and dates, then confirm the reservation."
hello aurora do you have pool,amenities,"Aurora amenities include Sky Infinity Pool, Zen Wellness Studio gym, Lumina Dining restaurant, parking, and complimentary WiFi."
pls what if aliens visit po,fallback,"I might not have the exact answer for that, but I can help with rooms, amenities, prices, or reservations."
aurora room suggestion please tomorrow,recommendation,"Tell me the number of guests, nights, and your budget so I can recommend the best room option."
pwede cheap room option lang,price,Room prices vary depending on room type and dates. Standard rooms are usually the most affordable.
pls hello po pls,greeting,"Hello! Welcome to Aurora. I can help with rooms, amenities, prices, or reservations."
aurora may villa ba lang,rooms,"Aurora offers Standard, Deluxe, Suite, Villa, and Cabin accommodations."
is pool free tomorrow,amenities,"Aurora amenities include Sky Infinity Pool, Zen Wellness Studio gym, Lumina Dining restaurant, parking, and complimentary WiFi."
hey aurora may wifi ba lang,amenities,"Aurora amenities include Sky Infinity Pool, Zen Wellness Studio gym, Lumina Dining restaurant, parking, and complimentary WiFi."
please good morning po,greeting,"Hello! Welcome to Aurora. I can help with rooms, amenities, prices, or reservations."
deluxe price pls,price,Room prices vary depending on room type and dates. Standard rooms are usually the most affordable.
hey aurora map location po,location,"For the exact address and directions, please check the Aurora website location page or contact the front desk."
can you parking available,amenities,"Aurora amenities include Sky Infinity Pool, Zen Wellness Studio gym, Lumina Dining restaurant, parking, and complimentary WiFi."
paano mag reserve,reservation,"To reserve a room: sign in, open the Rooms page, choose your room and dates, then confirm the reservation."
please may rooms ba kayo today,rooms,"Aurora offers Standard, Deluxe, Suite, Villa, and Cabin accommodations."
aurora show me rooms tonight,rooms,"Aurora offers Standard, Deluxe, Suite, Villa, and Cabin accommodations."
aurora do you have gym,amenities,"Aurora amenities include Sky Infinity Pool, Zen Wellness Studio gym, Lumina Dining restaurant, parking, and complimentary WiFi."
aurora good day ngayon,greeting,"Hello! Welcome to Aurora. I can help with rooms, amenities, prices, or reservations."
pde reserve room today,reservation,"To reserve a room: sign in, open the Rooms page, choose your room and dates, then confirm the reservation."
do you have gym please,amenities,"Aurora amenities include Sky Infinity Pool, Zen Wellness Studio gym, Lumina Dining restaurant, parking, and complimentary WiFi."
can you tell me more today,fallback,"I might not have the exact answer for that, but I can help with rooms, amenities, prices, or reservations."
can you how much is room pls,price,Room prices vary depending on room type and dates. Standard rooms are usually the most affordable.
hello aurora what kind of rooms po,rooms,"Aurora offers Standard, Deluxe, Suite, Villa, and Cabin accommodations."
hello aurora book room tonight,reservation,"To reserve a room: sign in, open the Rooms page, choose your room and dates, then confirm the reservation."
pls budget room pls,price,Room prices vary depending on room type and dates. Standard rooms are usually the most affordable.
pwede hi assistant pls,greeting,"Hello! Welcome to Aurora. I can help with rooms, amenities, prices, or reservations."
pwede suggest best room pls,recommendation,"Tell me the number of guests, nights, and your budget so I can recommend the best room option."
pls hm room tonight,price,Room prices vary depending on room type and dates. Standard rooms are usually the most affordable.
aurora hello again tomorrow,greeting,"Hello! Welcome to Aurora. I can help with rooms, amenities, prices, or reservations."
hey aurora room for 4 guests po,recommendation,"Tell me the number of guests, nights, and your budget so I can recommend the best room option."
hey aurora blah blah today,fallback,"I might not have the exact answer for that, but I can help with rooms, amenities, prices, or reservations."
hey aurora hotel policy,policy,Policies depend on availability and room type. Please confirm specific requests with the front desk.
pwede good day po,greeting,"Hello! Welcome to Aurora. I can help with rooms, amenities, prices, or reservations."
can you ano mga room types tonight,rooms,"Aurora offers Standard, Deluxe, Suite, Villa, and Cabin accommodations."
hello aurora sup aurora tomorrow,greeting,"Hello! Welcome to Aurora. I can help with rooms, amenities, prices, or reservations."
can you extra bed request pls,policy,Policies depend on availability and room type. Please confirm specific requests with the front desk.
pde reserve tomorrow today,reservation,"To reserve a room: sign in, open the Rooms page, choose your room and dates, then confirm the reservation."
hello aurora is pool free please,amenities,"Aurora amenities include Sky Infinity Pool, Zen Wellness Studio gym, Lumina Dining restaurant, parking, and complimentary WiFi."
pde prce room tonight,price,Room prices vary depending on room type and dates. Standard rooms are usually the most affordable.
please what if aliens visit,fallback,"I might not have the exact answer for that, but I can help with rooms, amenities, prices, or reservations."
can you list rooms available po,rooms,"Aurora offers Standard, Deluxe, Suite, Villa, and Cabin accommodations."
pwede location of hotel tonight,location,"For the exact address and directions, please check the Aurora website location page or contact the front desk."
pls how to book pls,reservation,"To reserve a room: sign in, open the Rooms page, choose your room and dates, then confirm the reservation."
pwede location of hotel tonight,location,"For the exact address and directions, please check the Aurora website location page or contact the front desk."
pde hi assistant tomorrow,greeting,"Hello! Welcome to Aurora. I can help with rooms, amenities, prices, or reservations."
hey aurora prce room ngayon,price,Room prices vary depending on room type and dates. Standard rooms are usually the most affordable.
check out time,policy,Policies depend on availability and room type. Please confirm specific requests with the front desk.
hey aurora room for 4 guests po,recommendation,"Tell me the number of guests, nights, and your budget so I can recommend the best room option."
hello aurora what rooms do you have please,rooms,"Aurora offers Standard, Deluxe, Suite, Villa, and Cabin accommodations."
pwede map location,location,"For the exact address and directions, please check the Aurora website location page or contact the front desk."
aurora price ng room tonight,price,Room prices vary depending on room type and dates. Standard rooms are usually the most affordable.
pwede may cabin ba tomorrow,rooms,"Aurora offers Standard, Deluxe, Suite, Villa, and Cabin accommodations."
pde recommend under budget today,recommendation,"Tell me the number of guests, nights, and your budget so I can recommend the best room option."
can you what kind of rooms pls,rooms,"Aurora offers Standard, Deluxe, Suite, Villa, and Cabin accommodations."
aurora room for family po,recommendation,"Tell me the number of guests, nights, and your budget so I can recommend the best room option."
extra bed request ngayon,policy,Policies depend on availability and room type. Please confirm specific requests with the front desk.
pwede magkano deluxe please,price,Room prices vary depending on room type and dates. Standard rooms are usually the most affordable.
please amenities list today,amenities,"Aurora amenities include Sky Infinity Pool, Zen Wellness Studio gym, Lumina Dining restaurant, parking, and complimentary WiFi."
hello aurora room typess tonight,rooms,"Aurora offers Standard, Deluxe, Suite, Villa, and Cabin accommodations."
can you check in time po,policy,Policies depend on availability and room type. Please confirm specific requests with the front desk.
please is pool free please,amenities,"Aurora amenities include Sky Infinity Pool, Zen Wellness Studio gym, Lumina Dining restaurant, parking, and complimentary WiFi."
can you may wifi ba please,amenities,"Aurora amenities include Sky Infinity Pool, Zen Wellness Studio gym, Lumina Dining restaurant, parking, and complimentary WiFi."
pwede book room pls,reservation,"To reserve a room: sign in, open the Rooms page, choose your room and dates, then confirm the reservation."
can you room list please tonight,rooms,"Aurora offers Standard, Deluxe, Suite, Villa, and Cabin accommodations."
book tonight,reservation,"To reserve a room: sign in, open the Rooms page, choose your room and dates, then confirm the reservation."
please book room please,reservation,"To reserve a room: sign in, open the Rooms page, choose your room and dates, then confirm the reservation."
parking available today,amenities,"Aurora amenities include Sky Infinity Pool, Zen Wellness Studio gym, Lumina Dining restaurant, parking, and complimentary WiFi."
can you parking available today,amenities,"Aurora amenities include Sky Infinity Pool, Zen Wellness Studio gym, Lumina Dining restaurant, parking, and complimentary WiFi."
please kumusta po,greeting,"Hello! Welcome to Aurora. I can help with rooms, amenities, prices, or reservations."
aurora show me rooms pls,rooms,"Aurora offers Standard, Deluxe, Suite, Villa, and Cabin accommodations."
hey aurora budget room lang,price,Room prices vary depending on room type and dates. Standard rooms are usually the most affordable.
hello aurora what if aliens visit ngayon,fallback,"I might not have the exact answer for that, but I can help with rooms, amenities, prices, or reservations."
pde sup aurora,greeting,"Hello! Welcome to Aurora. I can help with rooms, amenities, prices, or reservations."
please hello again lang,greeting,"Hello! Welcome to Aurora. I can help with rooms, amenities, prices, or reservations."
please yo aurora po,greeting,"Hello! Welcome to Aurora. I can help with rooms, amenities, prices, or reservations."
distance city po,location,"For the exact address and directions, please check the Aurora website location page or contact the front desk."
pls pwede mag book pls,reservation,"To reserve a room: sign in, open the Rooms page, choose your room and dates, then confirm the reservation."
hey aurora what kind of rooms,rooms,"Aurora offers Standard, Deluxe, Suite, Villa, and Cabin accommodations."
can you magkano deluxe ngayon,price,Room prices vary depending on room type and dates. Standard rooms are usually the most affordable.
book tonight lang,reservation,"To reserve a room: sign in, open the Rooms page, choose your room and dates, then confirm the reservation."
please gym available po,amenities,"Aurora amenities include Sky Infinity Pool, Zen Wellness Studio gym, Lumina Dining restaurant, parking, and complimentary WiFi."
hello aurora reserve tomorrow po,reservation,"To reserve a room: sign in, open the Rooms page, choose your room and dates, then confirm the reservation."
available rooms pls,rooms,"Aurora offers Standard, Deluxe, Suite, Villa, and Cabin accommodations."
can you recommend under budget po,recommendation,"Tell me the number of guests, nights, and your budget so I can recommend the best room option."
hello aurora recommend good room po,recommendation,"Tell me the number of guests, nights, and your budget so I can recommend the best room option."
do you like pizza ngayon,fallback,"I might not have the exact answer for that, but I can help with rooms, amenities, prices, or reservations."
pls hi assistant po,greeting,"Hello! Welcome to Aurora. I can help with rooms, amenities, prices, or reservations."
can you how much is room today,price,Room prices vary depending on room type and dates. Standard rooms are usually the most affordable.
please yo aurora po,greeting,"Hello! Welcome to Aurora. I can help with rooms, amenities, prices, or reservations."
please facilities list pls,amenities,"Aurora amenities include Sky Infinity Pool, Zen Wellness Studio gym, Lumina Dining restaurant, parking, and complimentary WiFi."
can you do you have suite ngayon,rooms,"Aurora offers Standard, Deluxe, Suite, Villa, and Cabin accommodations."
pwede address please,location,"For the exact address and directions, please check the Aurora website location page or contact the front desk."
pde magkano deluxe pls,price,Room prices vary depending on room type and dates. Standard rooms are usually the most affordable.
please magkano deluxe,price,Room prices vary depending on room type and dates. Standard rooms are usually the most affordable.
pwede balcony request tomorrow,policy,Policies depend on availability and room type. Please confirm specific requests with the front desk.
